-- phpMyAdmin SQL Dump
-- version 5.2.1
-- https://www.phpmyadmin.net/
--
-- Máy chủ: 127.0.0.1
-- Thời gian đã tạo: Th6 05, 2024 lúc 10:40 AM
-- Phiên bản máy phục vụ: 10.4.28-MariaDB
-- Phiên bản PHP: 8.0.28

SET SQL_MODE = "NO_AUTO_VALUE_ON_ZERO";
START TRANSACTION;
SET time_zone = "+00:00";


/*!40101 SET @OLD_CHARACTER_SET_CLIENT=@@CHARACTER_SET_CLIENT */;
/*!40101 SET @OLD_CHARACTER_SET_RESULTS=@@CHARACTER_SET_RESULTS */;
/*!40101 SET @OLD_COLLATION_CONNECTION=@@COLLATION_CONNECTION */;
/*!40101 SET NAMES utf8mb4 */;

--
-- Cơ sở dữ liệu: `cuahangdt`
--

-- --------------------------------------------------------

--
-- Cấu trúc bảng cho bảng `chitietdonhang`
--

CREATE TABLE `chitietdonhang` (
  `idchitietdonhang` int(11) NOT NULL,
  `Madonhang` int(11) NOT NULL,
  `Masp` int(11) NOT NULL,
  `Mamau` int(11) NOT NULL,
  `Soluong` int(11) NOT NULL,
  `Giaspindon` int(11) NOT NULL
) ENGINE=InnoDB DEFAULT CHARSET=latin1 COLLATE=latin1_swedish_ci;

--
-- Đang đổ dữ liệu cho bảng `chitietdonhang`
--

INSERT INTO `chitietdonhang` (`idchitietdonhang`, `Madonhang`, `Masp`, `Mamau`, `Soluong`, `Giaspindon`) VALUES
(18, 14, 24, 7, 1, 8650000),
(19, 14, 26, 4, 1, 10350000),
(20, 14, 19, 5, 2, 10700000),
(21, 15, 7, 4, 1, 4250000),
(22, 15, 19, 1, 1, 5350000),
(23, 16, 26, 7, 1, 10350000),
(24, 16, 19, 5, 2, 10700000),
(25, 17, 26, 4, 1, 10350000),
(26, 18, 19, 5, 2, 10700000),
(27, 19, 24, 8, 3, 25950000);

-- --------------------------------------------------------

--
-- Cấu trúc bảng cho bảng `donhang`
--

CREATE TABLE `donhang` (
  `Madonhang` int(11) NOT NULL,
  `Mauser` int(11) NOT NULL,
  `Payid` int(11) NOT NULL,
  `Tennguoinhan` varchar(255) CHARACTER SET utf8 COLLATE utf8_vietnamese_ci NOT NULL,
  `Diachinhan` varchar(2555) CHARACTER SET utf8 COLLATE utf8_vietnamese_ci NOT NULL,
  `Sodtnguoinhan` int(11) NOT NULL,
  `Emailnguoinhan` varchar(255) CHARACTER SET utf8 COLLATE utf8_vietnamese_ci NOT NULL,
  `Thoigiandat` datetime NOT NULL,
  `Tongtienthanhtoan` int(11) NOT NULL,
  `Trangthaidon` int(11) NOT NULL COMMENT '0. Đang chờ xác nhận 1. Đã xác nhận, chuẩn bị gửi đi 2.Đang giao hàng 3.Đã hoàn thành 4.Đã hủy'
) ENGINE=InnoDB DEFAULT CHARSET=latin1 COLLATE=latin1_swedish_ci;

--
-- Đang đổ dữ liệu cho bảng `donhang`
--

INSERT INTO `donhang` (`Madonhang`, `Mauser`, `Payid`, `Tennguoinhan`, `Diachinhan`, `Sodtnguoinhan`, `Emailnguoinhan`, `Thoigiandat`, `Tongtienthanhtoan`, `Trangthaidon`) VALUES
(14, 2, 3, 'Kieu Viet Tien', 'Thanh tri, Ha Noi', 325454619, 'hieuk476@gm', '2023-12-20 10:21:15', 29700000, 1),
(15, 2, 1, 'Kieu Viet Tien', 'Thanh tri, Ha Noi', 325454619, 'hieuk476@gm', '2023-12-20 10:26:11', 9600000, 0),
(16, 2, 1, 'Kieu Viet Tien', 'Thanh tri, Ha Noi', 325454619, 'hieuk476@gm', '2023-12-21 01:24:03', 21050000, 4),
(17, 2, 1, 'Kieu Viet Tien', 'Thanh tri, Ha Noi', 325454619, 'hieuk476@gm', '2023-12-31 04:16:46', 10350000, 0),
(18, 2, 1, 'Kieu Viet Tien', 'Thanh tri, Ha Noi', 325454619, 'hieuk476@gmail.com', '2024-01-01 09:30:49', 10700000, 4),
(19, 2, 1, 'Kieu Viet Tien', 'Thanh tri, Ha Noi', 325454619, 'hieuk476@gm', '2024-01-01 15:41:35', 25950000, 0);

-- --------------------------------------------------------

--
-- Cấu trúc bảng cho bảng `hang`
--

CREATE TABLE `hang` (
  `Mahang` int(11) NOT NULL,
  `Tenhang` varchar(255) CHARACTER SET utf8 COLLATE utf8_vietnamese_ci NOT NULL,
  `Anhhang` text NOT NULL
) ENGINE=InnoDB DEFAULT CHARSET=latin1 COLLATE=latin1_swedish_ci;

--
-- Đang đổ dữ liệu cho bảng `hang`
--

INSERT INTO `hang` (`Mahang`, `Tenhang`, `Anhhang`) VALUES
(1, 'Xiaomi', 'Xiaomi.jpg'),
(2, 'Realme', 'Realme.jpg');

-- --------------------------------------------------------

--
-- Cấu trúc bảng cho bảng `loaitintuc`
--

CREATE TABLE `loaitintuc` (
  `Maloaitin` int(11) NOT NULL,
  `Tenloaitin` varchar(2555) CHARACTER SET utf8 COLLATE utf8_vietnamese_ci NOT NULL
) ENGINE=InnoDB DEFAULT CHARSET=latin1 COLLATE=latin1_swedish_ci;

--
-- Đang đổ dữ liệu cho bảng `loaitintuc`
--

INSERT INTO `loaitintuc` (`Maloaitin`, `Tenloaitin`) VALUES
(1, 'Tin công nghệ'),
(2, 'Mở hộp & Đánh giá'),
(3, 'Tin khuyến mãi'),
(4, 'Tuyển dụng');

-- --------------------------------------------------------

--
-- Cấu trúc bảng cho bảng `mausac`
--

CREATE TABLE `mausac` (
  `Mamau` int(11) NOT NULL,
  `Tenmau` text CHARACTER SET utf8 COLLATE utf8_vietnamese_ci NOT NULL
) ENGINE=InnoDB DEFAULT CHARSET=latin1 COLLATE=latin1_swedish_ci;

--
-- Đang đổ dữ liệu cho bảng `mausac`
--

INSERT INTO `mausac` (`Mamau`, `Tenmau`) VALUES
(1, 'aqua'),
(3, 'Đa sắc'),
(4, 'white'),
(5, 'black'),
(7, 'purple'),
(8, 'green'),
(9, 'grey');

-- --------------------------------------------------------

--
-- Cấu trúc bảng cho bảng `nguoidung`
--

CREATE TABLE `nguoidung` (
  `Mand` int(11) NOT NULL,
  `Taikhoan` varchar(255) CHARACTER SET utf8 COLLATE utf8_vietnamese_ci NOT NULL,
  `Matkhau` varchar(255) CHARACTER SET utf8 COLLATE utf8_vietnamese_ci NOT NULL,
  `Hoten` varchar(255) CHARACTER SET utf8 COLLATE utf8_vietnamese_ci NOT NULL,
  `Sodt` int(11) NOT NULL,
  `Diachi` varchar(255) CHARACTER SET utf8 COLLATE utf8_vietnamese_ci NOT NULL,
  `Email` varchar(255) CHARACTER SET utf8 COLLATE utf8_vietnamese_ci NOT NULL,
  `Level` int(11) NOT NULL,
  `Status` int(11) NOT NULL COMMENT '1. Đang hoạt động, 2.Đã đóng'
) ENGINE=InnoDB DEFAULT CHARSET=latin1 COLLATE=latin1_swedish_ci;

-- --------------------------------------------------------

--
-- Cấu trúc bảng cho bảng `payment`
--

CREATE TABLE `payment` (
  `payid` int(11) NOT NULL,
  `payname` varchar(255) CHARACTER SET utf8 COLLATE utf8_vietnamese_ci NOT NULL,
  `payimage` text NOT NULL,
  `paydesc` varchar(2555) CHARACTER SET utf8 COLLATE utf8_vietnamese_ci NOT NULL,
  `paystatus` int(11) NOT NULL COMMENT '0.Đóng 1.Mở'
) ENGINE=InnoDB DEFAULT CHARSET=latin1 COLLATE=latin1_swedish_ci;

--
-- Đang đổ dữ liệu cho bảng `payment`
--

INSERT INTO `payment` (`payid`, `payname`, `payimage`, `paydesc`, `paystatus`) VALUES
(1, 'Trả tiền mặt', '', 'Thanh toán khi nhận hàng', 1),
(2, 'Trả góp Online', '', 'qua thẻ tín dụng', 1),
(3, 'Chuyển khoản', '', 'Thanh toán bằng ngân hàng', 1);

-- --------------------------------------------------------

--
-- Cấu trúc bảng cho bảng `phukien`
--

CREATE TABLE `phukien` (
  `Maphukien` int(11) NOT NULL,
  `Tenphukien` varchar(255) NOT NULL,
  `Mota` varchar(2555) NOT NULL
) ENGINE=InnoDB DEFAULT CHARSET=latin1 COLLATE=latin1_swedish_ci;

-- --------------------------------------------------------

--
-- Cấu trúc bảng cho bảng `sanpham`
--

CREATE TABLE `sanpham` (
  `Masp` int(11) NOT NULL,
  `Tensp` varchar(255) NOT NULL,
  `Gia` int(11) NOT NULL,
  `Giagoc` int(11) NOT NULL,
  `imagesp` text NOT NULL,
  `Ram` int(10) NOT NULL,
  `Rom` int(10) NOT NULL,
  `Trangthaisp` int(11) NOT NULL COMMENT '0.Chưa xóa, 1.Đã xóa',
  `Mahang` int(11) NOT NULL,
  `Mathongso` int(11) NOT NULL
) ENGINE=InnoDB DEFAULT CHARSET=latin1 COLLATE=latin1_swedish_ci;

--
-- Đang đổ dữ liệu cho bảng `sanpham`
--

INSERT INTO `sanpham` (`Masp`, `Tensp`, `Gia`, `Giagoc`, `imagesp`, `Ram`, `Rom`, `Trangthaisp`, `Mahang`, `Mathongso`) VALUES
(7, 'Redmi note 12 pro 5g (dimensity 1080)', 4250000, 5250000, 'xiaomi-redmi-note-12-pro-tim.jpg.webp', 6, 128, 0, 1, 1),
(9, 'Redmi note 12 pro 5g (dimensity 1080)', 4690000, 5450000, 'xiaomi-redmi-note-12-pro-tim.jpg.webp', 8, 128, 0, 1, 1),
(10, 'Redmi note 12 pro 5g (dimensity 1080)', 5150000, 5750000, 'xiaomi-redmi-note-12-pro-tim.jpg.webp', 8, 256, 0, 1, 1),
(18, 'Xiaomi Redmi Note 12 Turbo (Snapdragon 7+ Gen 2)', 4950000, 5650000, 'xiaomi-redmi-note-12-turbo-edition-trang.jpg', 8, 128, 0, 1, 4),
(19, 'Xiaomi Redmi Note 12 Turbo (Snapdragon 7+ Gen 2)', 5350000, 6050000, 'xiaomi-redmi-note-12-turbo-edition-trang.jpg', 8, 256, 0, 1, 4),
(20, 'Xiaomi Redmi Note 12 Turbo (Snapdragon 7+ Gen 2)', 5650000, 6350000, 'xiaomi-redmi-note-12-turbo-edition-trang.jpg', 12, 256, 0, 1, 4),
(21, 'Xiaomi Redmi Note 12 Turbo (Snapdragon 7+ Gen 2)', 6550000, 6550000, 'xiaomi-redmi-note-12-turbo-edition-trang.jpg', 16, 256, 0, 1, 4),
(24, 'Xiaomi Redmi K70 (Snapdragon 8 Gen 2)', 8650000, 8750000, 'xiaomi-redmi-k70-trang.jpg', 12, 256, 0, 1, 5),
(25, 'Xiaomi Redmi K70 (Snapdragon 8 Gen 2)', 9350000, 9450000, 'xiaomi-redmi-k70-trang.jpg', 16, 256, 0, 1, 5),
(26, 'Xiaomi Redmi K70 (Snapdragon 8 Gen 2)', 10350000, 10650000, 'xiaomi-redmi-k70-trang.jpg', 12, 512, 0, 1, 5),
(27, 'Xiaomi Redmi K70 (Snapdragon 8 Gen 2)', 11750000, 12050000, 'xiaomi-redmi-k70-trang.jpg', 16, 1024, 0, 1, 5),
(29, 'Xiaomi Redmi Note 11T Pro (Dimensity 8100)', 3950000, 5250000, 'xiaomi-redmi-note-11t-pro-xanh.jpg', 6, 128, 0, 1, 6),
(30, 'Xiaomi Redmi Note 11T Pro (Dimensity 8100)', 4250000, 5450000, 'xiaomi-redmi-note-11t-pro-xanh.jpg', 8, 128, 0, 1, 6),
(31, 'Xiaomi Redmi Note 11T Pro (Dimensity 8100)', 4450000, 5750000, 'xiaomi-redmi-note-11t-pro-xanh.jpg', 8, 256, 0, 1, 6),
(32, 'Xiaomi Redmi Note 11T Pro (Dimensity 8100)', 4750000, 6050000, 'xiaomi-redmi-note-11t-pro-xanh.jpg', 12, 256, 0, 1, 6);

-- --------------------------------------------------------

--
-- Cấu trúc bảng cho bảng `sanpham_mausac`
--

CREATE TABLE `sanpham_mausac` (
  `Masp_mausac` int(11) NOT NULL,
  `Masp` int(11) NOT NULL,
  `Mamau` int(11) NOT NULL,
  `imagesp_mau` varchar(255) NOT NULL,
  `Soluongcon` int(11) NOT NULL
) ENGINE=InnoDB DEFAULT CHARSET=latin1 COLLATE=latin1_swedish_ci;

--
-- Đang đổ dữ liệu cho bảng `sanpham_mausac`
--

INSERT INTO `sanpham_mausac` (`Masp_mausac`, `Masp`, `Mamau`, `imagesp_mau`, `Soluongcon`) VALUES
(1, 3, 1, 'redmik60xanh.jpg', 0),
(2, 3, 2, 'redmik60den.jpg', 0),
(3, 3, 4, 'redmik60trang.jpg', 0),
(4, 7, 4, 'xiaomi-redmi-note-12-pro-trang.jpg', 5),
(5, 7, 1, 'xiaomi-redmi-note-12-pro-xanh-duong.jpg', 3),
(6, 7, 5, 'xiaomi-redmi-note-12-pro-den.jpg', 4),
(10, 8, 1, 'xiaomi-redmi-note-13-5g-xanh.jpg', 2),
(11, 8, 4, 'xiaomi-redmi-note-13-5g-trang.jpg', 2),
(12, 8, 5, 'xiaomi-redmi-note-13-5g-den.jpg', 2),
(13, 9, 4, 'xiaomi-redmi-note-12-pro-trang.jpg', 2),
(14, 9, 1, 'xiaomi-redmi-note-12-pro-xanh-duong.jpg', 4),
(15, 9, 5, 'xiaomi-redmi-note-12-pro-den.jpg', 2),
(16, 10, 4, 'xiaomi-redmi-note-12-pro-trang.jpg', 2),
(17, 10, 1, 'xiaomi-redmi-note-12-pro-xanh-duong.jpg', 4),
(18, 10, 5, 'xiaomi-redmi-note-12-pro-den.jpg', 4),
(25, 18, 1, 'xiaomi-redmi-note-12-turbo-edition-xanh-duong.jpg', 3),
(26, 18, 5, 'xiaomi-redmi-note-12-turbo-edition-den.jpg', 4),
(27, 18, 4, 'xiaomi-redmi-note-12-turbo-edition-trang.jpg', 2),
(28, 19, 1, 'xiaomi-redmi-note-12-turbo-edition-xanh-duong.jpg', 3),
(29, 19, 5, 'xiaomi-redmi-note-12-turbo-edition-den.jpg', 4),
(30, 19, 4, 'xiaomi-redmi-note-12-turbo-edition-trang.jpg', 2),
(31, 20, 1, 'xiaomi-redmi-note-12-turbo-edition-xanh-duong.jpg', 4),
(32, 20, 5, 'xiaomi-redmi-note-12-turbo-edition-den.jpg', 5),
(33, 20, 4, 'xiaomi-redmi-note-12-turbo-edition-trang.jpg', 2),
(34, 21, 1, 'xiaomi-redmi-note-12-turbo-edition-xanh-duong.jpg', 3),
(35, 21, 5, 'xiaomi-redmi-note-12-turbo-edition-den.jpg', 4),
(36, 21, 4, 'xiaomi-redmi-note-12-turbo-edition-trang.jpg', 2),
(37, 24, 5, 'xiaomi-redmi-k70-den.jpg', 4),
(38, 24, 7, 'xiaomi-redmi-k70-tim.jpg', 5),
(39, 24, 8, 'xiaomi-redmi-k70-xanh.jpg', 3),
(40, 24, 4, 'xiaomi-redmi-k70-trang.jpg', 3),
(41, 25, 5, 'xiaomi-redmi-k70-den.jpg', 4),
(42, 25, 7, 'xiaomi-redmi-k70-tim.jpg', 5),
(43, 25, 8, 'xiaomi-redmi-k70-xanh.jpg', 3),
(44, 25, 4, 'xiaomi-redmi-k70-trang.jpg', 3),
(45, 26, 5, 'xiaomi-redmi-k70-den.jpg', 4),
(46, 26, 7, 'xiaomi-redmi-k70-tim.jpg', 5),
(47, 26, 8, 'xiaomi-redmi-k70-xanh.jpg', 3),
(48, 26, 4, 'xiaomi-redmi-k70-trang.jpg', 3),
(49, 27, 5, 'xiaomi-redmi-k70-den.jpg', 4),
(50, 27, 7, 'xiaomi-redmi-k70-tim.jpg', 5),
(51, 27, 8, 'xiaomi-redmi-k70-xanh.jpg', 3),
(52, 27, 4, 'xiaomi-redmi-k70-trang.jpg', 3),
(53, 29, 1, 'xiaomi-redmi-note-11t-pro-xanh.jpg', 2),
(54, 29, 4, 'xiaomi-redmi-note-11t-pro-cu-trang.jpg.webp', 4),
(55, 29, 5, 'xiaomi-redmi-note-11t-pro-den.jpg', 5),
(56, 29, 9, 'xiaomi-redmi-note-11t-pro-xam.jpg', 2),
(57, 30, 1, 'xiaomi-redmi-note-11t-pro-xanh.jpg', 2),
(58, 30, 4, 'xiaomi-redmi-note-11t-pro-cu-trang.jpg.webp', 4),
(59, 30, 5, 'xiaomi-redmi-note-11t-pro-den.jpg', 5),
(60, 30, 9, 'xiaomi-redmi-note-11t-pro-xam.jpg', 2),
(61, 31, 1, 'xiaomi-redmi-note-11t-pro-xanh.jpg', 2),
(62, 31, 4, 'xiaomi-redmi-note-11t-pro-cu-trang.jpg.webp', 4),
(63, 31, 5, 'xiaomi-redmi-note-11t-pro-den.jpg', 5),
(64, 31, 9, 'xiaomi-redmi-note-11t-pro-xam.jpg', 2),
(65, 32, 1, 'xiaomi-redmi-note-11t-pro-xanh.jpg', 2),
(66, 32, 4, 'xiaomi-redmi-note-11t-pro-cu-trang.jpg.webp', 5),
(67, 32, 5, 'xiaomi-redmi-note-11t-pro-den.jpg', 5),
(68, 32, 9, 'xiaomi-redmi-note-11t-pro-xam.jpg', 4);

-- --------------------------------------------------------

--
-- Cấu trúc bảng cho bảng `thongsosanpham`
--

CREATE TABLE `thongsosanpham` (
  `Mathongso` int(11) NOT NULL,
  `Manhinh` text CHARACTER SET utf8 COLLATE utf8_general_ci NOT NULL,
  `Hedieuhanh` text CHARACTER SET utf8 COLLATE utf8_general_ci NOT NULL,
  `Camerasau` text CHARACTER SET utf8 COLLATE utf8_general_ci NOT NULL,
  `Cameratruoc` text CHARACTER SET utf8 COLLATE utf8_general_ci NOT NULL,
  `CPU` text NOT NULL,
  `Ram` text CHARACTER SET utf8 COLLATE utf8_general_ci NOT NULL,
  `Rom` text CHARACTER SET utf8 COLLATE utf8_general_ci NOT NULL,
  `Dungluongpinsac` text CHARACTER SET utf8 COLLATE utf8_general_ci NOT NULL,
  `Thietke` text CHARACTER SET utf8 COLLATE utf8_general_ci NOT NULL,
  `Congnghebaomat` varchar(255) CHARACTER SET utf8 COLLATE utf8_vietnamese_ci NOT NULL,
  `Mota` text CHARACTER SET utf8 COLLATE utf8_vietnamese_ci NOT NULL,
  `Sanphamapdung` varchar(255) CHARACTER SET utf8 COLLATE utf8_vietnamese_ci NOT NULL
) ENGINE=InnoDB DEFAULT CHARSET=latin1 COLLATE=latin1_swedish_ci;

--
-- Đang đổ dữ liệu cho bảng `thongsosanpham`
--

INSERT INTO `thongsosanpham` (`Mathongso`, `Manhinh`, `Hedieuhanh`, `Camerasau`, `Cameratruoc`, `CPU`, `Ram`, `Rom`, `Dungluongpinsac`, `Thietke`, `Congnghebaomat`, `Mota`, `Sanphamapdung`) VALUES
(1, '6.67inch, oled 1 tỷ màu, 120Hz, donby vision HDR10+', 'Androi13, miui14', '50MP,ois', '16MP', '0', '6GB-8GB', '128GB-256GB', '5000, 67W', 'Lưng kính, viền nhựa', '', 'Máy mới 100% nguyên seal hộp, chưa qua sử dụng. Bộ sản phẩm chuẩn của máy bao gồm vỏ hộp ngoài, thân máy, củ sạc, dây sạc, que chọc sim, sách HDSD và ốp lưng tặng kèm. Duy nhất tại Dienthoaihay.vn sản phẩm được bảo hành VIP toàn diện cả nguồn, màn hình, vân tay.', 'Redmi note 12 pro 5g'),
(3, '6.67inch', 'androi14', '100MP', '20MP', '0', '6GB-8GB', '128GB', '5000-33W', 'khung nhựa, lưng kính', '', '', 'Redmi note 13'),
(4, 'OLED, 68 tỷ màu 120Hz, Dolby Vision, HDR10+, 1000 nits\r\n6.67 inches, Full HD+ (1080 x 2400 pixels), tỷ lệ 20:9\r\nTốc độ lấy mẫu cảm ứng 240Hz', 'Android 13, MIUI 14', '64 MP (góc rộng), PDAF, OIS\r\n8 MP f/2.2, 120˚(góc siêu rộng)\r\n2 MP f/2.4 (macro)\r\nQuay phim: 4K@30fps, 1080p@30/60/120/240fps', '16 MP (góc rộng)\r\nQuay phim: 1080p@30/60fps', 'Qualcomm SM7475-AB Snapdragon 7+ Gen 2 (4 nm) 8 nhân (1x2.91 GHz & 3x2.49 GHz & 4x1.8 GHz)\r\nGPU: Adreno 725', '8-16GB, LPDDR5', '256-512GB, UFS 3.1', 'Li-Po 5000 mAh\r\nSạc nhanh 67W, PD3, QC4', 'Thanh + Cảm ứng', 'Vân tay cạnh bên', 'Máy mới 100% nguyên seal hộp, chưa qua sử dụng. Bộ sản phẩm chuẩn của máy bao gồm vỏ hộp ngoài, thân máy, củ sạc, dây sạc, que chọc sim, sách HDSD và ốp lưng tặng kèm. Duy nhất tại Dienthoaihay.vn sản phẩm được bảo hành VIP toàn diện cả nguồn, màn hình, vân tay.', 'Xiaomi Redmi Note 12 Turbo (Snapdragon 7+ Gen 2)'),
(5, 'OLED, 68 tỷ màu, 120Hz, Dolby Vision, HDR10+, 4000 nits (tối đa)\r\n6.67 inches, QHD+ (1440 x 3200 pixels)\r\nTỷ lệ 20:9, mật độ điểm ảnh ~526 ppi', 'Android 14, HyperOS', '\r\n					50 MP, f/1.6, (góc rộng), PDAF, OIS\r\n8 MP (góc siêu rộng)\r\n2 MP (macro)\r\nQuay phim: 8K@24fps, 4K@24/30/60/120/240/960fps, 720p@1920fps, gyro-EIS', '\r\n					16 MP (góc rộng), HDR\r\nQuay phim: 1080p@30/60fps, gyro-EIS', '\r\n					Qualcomm SM8550-AB Snapdragon 8 Gen 2 (4 nm)\r\n8 nhân (1x3.2 GHz & 2x2.8 GHz & 2x2.8 GHz & 3x2.0 GHz)\r\nGPU: Adreno 740', '\r\n					12-16GB, LPRRD5X\r\n(tốc độ 8533Mbps', '256GB-1TB, UFS 4.0', '\r\n					Li-Po 5000 mAh\r\nSạc nhanh 120W, PD3.0, QC3+\r\nSạc 100% pin trong 18 ph (QC)', '\r\n					Khung kim loại vuông vức\r\nHai mặt kính trước và sau\r\nCảm biến vân tay trong màn hình', 'Cảm biến vân tay trong màn hình', 'Redmi K70 trang bị chip Snapdragon 8 Gen 2 kết hợp với RAM lên tới 16GB giúp đảm bảo hiệu năng vô cùng mạnh mẽ. Thiết bị xuất xưởng với hệ điều hành HyperOS hoàn toàn mới có nhiều tính năng hấp dẫn và hiện đại.\r\nRedmi K70 có màn hình OLED QHD+ hỗ trợ 68 tỷ màu có độ sáng siêu cao lên tới 4000 nit. Cùng với người anh Pro, Redmi K70 là một trong 2 mẫu điện thoại có độ sáng màn hình cao nhất thế giới vượt mặt cả Xiaomi 14 Series với 3000 nit.\r\nĐặc biệt, người dùng sẽ được trai nghiệm hệ thống camera chất lượng cao với cảm biến chính 50MP hỗ trợ OIS, hỗ trợ quay phim độ nét lên tới 4K. Bên cạnh đó máy có viên pin lớn 5000mAh cùng sạc nhanh 120W tốc độ siêu cao.', 'Xiaomi Redmi K70 (Snapdragon 8 Gen 2)'),
(6, 'IPS LCD, 144Hz, Dolby Vision\r\n6.6 inches, Full HD+ (1080 x 2460 pixels)', 'Android 12, MIUI 13', '64 MP, f/1.72, (góc rộng), PDAF\r\n8 MP, 120˚, (góc siêu rộng)\r\n2MP (macro)\r\nQuay phim: 4K@30fps, 1080p@30/60/120fps, 720p@960fps', '16 MP (góc rộng)\r\nQuay phim: 1080p@30/60fps', 'MediaTek Dimensity 8100 (5 nm)\r\n8 nhân (4x2.85 GHz & 4x2.0 GHz)\r\nGPU: Mali-G610 MC6', '6-8GB', '\r\n					128-256GB', 'Li-Po 5080mAh\r\nSạc nhanh 67W', '\r\n					Thanh + Cảm ứng', 'Vân tay cạnh bên', 'Siêu phẩm Xiaomi Redmi Note 11T Pro đã được Xiaomi chính thức giới thiệu vào ngày 25/5/2022. Thiết bị có thiết kế khác biệt hoàn toàn so với các mẫu điện thoại của dòng Note 11, máy đi kèm chip Dimensity siêu mạnh, màn hình tần số quét cực cao, pin trâu và sạc siêu nhanh. Với những thông số kể trên khiến Redmi Note 11T Pro trở thành chiếc smartphone được rất nhiều người muốn sở hữu', 'Xiaomi Redmi Note 11T Pro (Dimensity 8100)');

-- --------------------------------------------------------

--
-- Cấu trúc bảng cho bảng `tintuc`
--

CREATE TABLE `tintuc` (
  `Matintuc` int(11) NOT NULL,
  `Tentintuc` varchar(2555) CHARACTER SET utf8 COLLATE utf8_vietnamese_ci NOT NULL,
  `Noidung` mediumtext CHARACTER SET utf8 COLLATE utf8_vietnamese_ci NOT NULL,
  `Anhtintuc` text CHARACTER SET utf8 COLLATE utf8_vietnamese_ci NOT NULL,
  `Thoigiandang` datetime NOT NULL,
  `Mauser` int(11) NOT NULL,
  `Maloaitin` int(11) NOT NULL
) ENGINE=InnoDB DEFAULT CHARSET=latin1 COLLATE=latin1_swedish_ci;

--
-- Đang đổ dữ liệu cho bảng `tintuc`
--

INSERT INTO `tintuc` (`Matintuc`, `Tentintuc`, `Noidung`, `Anhtintuc`, `Thoigiandang`, `Mauser`, `Maloaitin`) VALUES
(6, 'Tin Khuyến Mãi 22-11-2023: Điện thoại Xiaomi, Gaming Phone giảm giá 300K', '<p>Điện thoại&nbsp;Xiaomi, Gaming Phone giảm gi&aacute; 300K từ ng&agrave;y 22/11 tại MobileCity. Hướng dẫn mua Xiaomi, Gaming Phone gi&aacute; rẻ, Bảo H&agrave;nh 12 th&aacute;ng, hỗ trợ trả g&oacute;p 0%.<a href=\"https://mobilecity.vn/tin-tuc/tin-khuyen-mai-22-11-2023-dien-thoai-xiaomi-gaming-phone-giam-gia-300k.html\" target=\"_blank\"><img alt=\"Tin Khuyến Mãi 22-11-2023: Điện thoại Xiaomi, Gaming Phone giảm giá 300K\" src=\"https://mobilecity.vn/px.gif?utm_source=dmca_copy&amp;utm_medium=Tin%20Khuy%E1%BA%BFn%20M%C3%A3i%2022-11-2023:%20%C4%90i%E1%BB%87n%20tho%E1%BA%A1i%20Xiaomi,%20Gaming%20Phone%20gi%E1%BA%A3m%20gi%C3%A1%20300K&amp;utm_campaign=https://mobilecity.vn/tin-tuc/tin-khuyen-mai-22-11-2023-dien-thoai-xiaomi-gaming-phone-giam-gia-300k.html&amp;utm_content=%C4%90i%E1%BB%87n%20tho%E1%BA%A1i%C2%A0Xiaomi,%20Gaming%20Phone%20gi%E1%BA%A3m%20gi%C3%A1%20300K%20t%E1%BB%AB%20ng%C3%A0y%2022/11%20t%E1%BA%A1i%20MobileCity.%20H%C6%B0%E1%BB%9Bng%20d%E1%BA%ABn%20mua%20Xiaomi,%20Gaming%20Phone%20gi%C3%A1%20r%E1%BA%BB,%20B%E1%BA%A3o%20H%C3%A0nh%2012%20th%C3%A1ng,%20h%E1%BB%97%20tr%E1%BB%A3%20tr%E1%BA%A3%20g%C3%B3p%200%25.\" style=\"height:1px; width:1px\" /></a><a href=\"https://mobilecity.vn\" target=\"_blank\"><img alt=\"This article is referenced content from https://mobilecity.vn - Tin Khuyến Mãi 22-11-2023: Điện thoại Xiaomi, Gaming Phone giảm giá 300K\" src=\"https://mobilecity.vn/px.gif?utm_source=dmca_copy&amp;utm_medium=Tin%20Khuy%E1%BA%BFn%20M%C3%A3i%2022-11-2023:%20%C4%90i%E1%BB%87n%20tho%E1%BA%A1i%20Xiaomi,%20Gaming%20Phone%20gi%E1%BA%A3m%20gi%C3%A1%20300K&amp;utm_campaign=https://mobilecity.vn/tin-tuc/tin-khuyen-mai-22-11-2023-dien-thoai-xiaomi-gaming-phone-giam-gia-300k.html&amp;utm_content=%C4%90i%E1%BB%87n%20tho%E1%BA%A1i%C2%A0Xiaomi,%20Gaming%20Phone%20gi%E1%BA%A3m%20gi%C3%A1%20300K%20t%E1%BB%AB%20ng%C3%A0y%2022/11%20t%E1%BA%A1i%20MobileCity.%20H%C6%B0%E1%BB%9Bng%20d%E1%BA%ABn%20mua%20Xiaomi,%20Gaming%20Phone%20gi%C3%A1%20r%E1%BA%BB,%20B%E1%BA%A3o%20H%C3%A0nh%2012%20th%C3%A1ng,%20h%E1%BB%97%20tr%E1%BB%A3%20tr%E1%BA%A3%20g%C3%B3p%200%25.\" style=\"height:1px; width:1px\" /></a></p>\n\n<h2>Danh s&aacute;ch điện thoại giảm gi&aacute;</h2>\n\n<p>Sau đ&acirc;y l&agrave; danh s&aacute;ch điện thoại giảm gi&aacute; từ ng&agrave;y 22/11. Số lượng m&aacute;y c&oacute; hạn, anh em đừng bỏ lỡ cơ hội mua h&agrave;ng với mức gi&aacute; cực hấp dẫn n&agrave;y nh&eacute;.</p>\n\n<h3>Xiaomi 13 8/128GB giảm 300.000&nbsp;</h3>\n\n<ul>\n	<li>M&agrave;u xanh, đỏ, v&agrave;ng: Gi&aacute; cũ 11.250.000 - gi&aacute; mới&nbsp;10.250.000 ₫</li>\n	<li>M&agrave;u đen, trắng: Gi&aacute; cũ 11.350.000 - gi&aacute; mới&nbsp;10.350.000 ₫</li>\n	<li>Bản 8/256GB hơn 800.000</li>\n</ul>\n\n<p><img alt=\"tin-khuyen-mai-22-11-2023-dien-thoai-xiaomi-gaming-phone-giam-gia-300k\" src=\"https://cdn.mobilecity.vn/mobilecity-vn/images/2023/11/tin-khuyen-mai-22-11-2023-dien-thoai-xiaomi-gaming-phone-giam-gia-300k.jpg.webp\" style=\"height:450px; width:600px\" /></p>\n\n<p><em>Xiaomi 13</em></p>\n\n<p>&rArr;&nbsp;<a href=\"https://mobilecity.vn/dien-thoai/xiaomi-13.html\" target=\"_blank\">Xiaomi 13</a></p>\n\n<h3>Asus ROG Phone 6 8/128GB giảm 300.000</h3>\n\n<ul>\n	<li>Gi&aacute; cũ 9.750.000 - gi&aacute; mới&nbsp;8.950.000 ₫</li>\n	<li>Bản 12/128GB hơn 500.000</li>\n</ul>\n\n<p><img alt=\"tin-khuyen-mai-22-11-2023-dien-thoai-xiaomi-gaming-phone-giam-gia-300k-2\" src=\"https://cdn.mobilecity.vn/mobilecity-vn/images/2023/11/tin-khuyen-mai-22-11-2023-dien-thoai-xiaomi-gaming-phone-giam-gia-300k-2.jpg.webp\" style=\"height:450px; width:600px\" /></p>\n\n<p><em>Asus ROG Phone 6</em></p>\n\n<p>&rArr;&nbsp;<a href=\"https://mobilecity.vn/asus/asus-rog-phone-6.html\" target=\"_blank\">Asus ROG Phone 6</a></p>\n\n<h3>Red Magic 8S Pro 8/128GB giảm 300.000</h3>\n\n<ul>\n	<li>M&agrave;u đen: Gi&aacute; cũ 13.250.000 - gi&aacute; mới&nbsp;12.950.000 ₫</li>\n	<li>Bản 8/256GB hơn 500.000</li>\n</ul>\n\n<p><img alt=\"tin-khuyen-mai-22-11-2023-dien-thoai-xiaomi-gaming-phone-giam-gia-300k-3\" src=\"https://cdn.mobilecity.vn/mobilecity-vn/images/2023/11/tin-khuyen-mai-22-11-2023-dien-thoai-xiaomi-gaming-phone-giam-gia-300k-3.jpg.webp\" style=\"height:450px; width:600px\" /></p>\n\n<p><em>Red Magic 8S Pro</em></p>\n', 'tin-khuyen-mai-23-12-2023-xiaomi-samsung-gaming-phone-giam-gia-300k-1.jpg', '2023-12-20 23:20:22', 1, 3),
(8, 'Honor X50 Pro ra mắt với Snapdragon 8 Plus Gen 1, pin 5800 mAh, giá 9.6 triệu', '<p>Trong khi chuẩn bị cho buổi ra mắt d&ograve;ng Magic 6, Honor đ&atilde; &acirc;m thầm c&ocirc;ng bố mẫu điện thoại <strong>Honor X50 Pro ra mắt</strong> tại Trung Quốc với th&ocirc;ng số kỹ thuật ấn tượng. Theo đ&oacute;, sản phẩm n&agrave;y được trang bị con chip Snapdragon đầu 8 mạnh mẽ, m&agrave;n h&igrave;nh cong chất lượng, cụm camera sắc n&eacute;t. Để biết th&ecirc;m th&ocirc;ng tin chi tiết, h&atilde;y c&ugrave;ng MobileCity t&igrave;m hiểu kỹ hơn trong b&agrave;i viết <a href=\"https://mobilecity.vn/tin-tuc/honor-x50-pro-ra-mat-voi-snapdragon-8-plus-gen-1.html\" target=\"_blank\">Honor X50 Pro ra mắt</a> dưới đ&acirc;y nh&eacute;.</p>\r\n\r\n<h2>Honor X50 Pro ra mắt</h2>\r\n\r\n<p>Thương hiệu Honor đ&atilde; ch&iacute;nh thức cho ra mắt sản phẩm điện thoại&nbsp;Honor X50 Pro tại thị trường Trung Quốc v&agrave;o ng&agrave;y 29 th&aacute;ng 12. Với nhiều t&iacute;nh năng hấp dẫn, ấn tượng, thiết bị n&agrave;y hứa hẹn sẽ đem đến những trải nghiệm tuyệt vời nhất cho người d&ugrave;ng. Vậy chiếc m&aacute;y n&agrave;y được cung cấp những t&iacute;nh năng nổi bật n&agrave;o? H&atilde;y c&ugrave;ng kh&aacute;m ph&aacute; chi tiết trong phần dưới đ&acirc;y nh&eacute;.<a href=\"https://mobilecity.vn/tin-tuc/honor-x50-pro-ra-mat-voi-snapdragon-8-plus-gen-1.html\" target=\"_blank\"><img alt=\"Honor X50 Pro ra mắt với Snapdragon 8 Plus Gen 1, pin 5800 mAh, giá 9.6 triệu\" src=\"https://mobilecity.vn/px.gif?utm_source=dmca_copy&amp;utm_medium=Honor%20X50%20Pro%20ra%20m%E1%BA%AFt%20v%E1%BB%9Bi%20Snapdragon%208%20Plus%20Gen%201,%20pin%205800%20mAh,%20gi%C3%A1%209.6%20tri%E1%BB%87u&amp;utm_campaign=https://mobilecity.vn/tin-tuc/honor-x50-pro-ra-mat-voi-snapdragon-8-plus-gen-1.html&amp;utm_content=Honor%20%C4%91%C3%A3%20%C3%A2m%20th%E1%BA%A7m%20c%C3%B4ng%20b%E1%BB%91%20m%E1%BA%ABu%20%C4%91i%E1%BB%87n%20tho%E1%BA%A1i%20Honor%20X50%20Pro%20ra%20m%E1%BA%AFt%20t%E1%BA%A1i%20Trung%20Qu%E1%BB%91c%20v%E1%BB%9Bi%20th%C3%B4ng%20s%E1%BB%91%20k%E1%BB%B9%20thu%E1%BA%ADt%20%E1%BA%A5n%20t%C6%B0%E1%BB%A3ng.%20C%C3%B9ng%20t%C3%ACm%20hi%E1%BB%83u%20c%C3%A1c%20t%C3%ADnh%20n%C4%83ng%20c%E1%BB%A7a%20m%C3%A1y%20ngay%20sau%20%C4%91%C3%A2y%20nh%C3%A9.\" style=\"height:1px; width:1px\" /></a><a href=\"https://mobilecity.vn\" target=\"_blank\"><img alt=\"This article is referenced content from https://mobilecity.vn - Honor X50 Pro ra mắt với Snapdragon 8 Plus Gen 1, pin 5800 mAh, giá 9.6 triệu\" src=\"https://mobilecity.vn/px.gif?utm_source=dmca_copy&amp;utm_medium=Honor%20X50%20Pro%20ra%20m%E1%BA%AFt%20v%E1%BB%9Bi%20Snapdragon%208%20Plus%20Gen%201,%20pin%205800%20mAh,%20gi%C3%A1%209.6%20tri%E1%BB%87u&amp;utm_campaign=https://mobilecity.vn/tin-tuc/honor-x50-pro-ra-mat-voi-snapdragon-8-plus-gen-1.html&amp;utm_content=Honor%20%C4%91%C3%A3%20%C3%A2m%20th%E1%BA%A7m%20c%C3%B4ng%20b%E1%BB%91%20m%E1%BA%ABu%20%C4%91i%E1%BB%87n%20tho%E1%BA%A1i%20Honor%20X50%20Pro%20ra%20m%E1%BA%AFt%20t%E1%BA%A1i%20Trung%20Qu%E1%BB%91c%20v%E1%BB%9Bi%20th%C3%B4ng%20s%E1%BB%91%20k%E1%BB%B9%20thu%E1%BA%ADt%20%E1%BA%A5n%20t%C6%B0%E1%BB%A3ng.%20C%C3%B9ng%20t%C3%ACm%20hi%E1%BB%83u%20c%C3%A1c%20t%C3%ADnh%20n%C4%83ng%20c%E1%BB%A7a%20m%C3%A1y%20ngay%20sau%20%C4%91%C3%A2y%20nh%C3%A9.\" style=\"height:1px; width:1px\" /></a></p>\r\n\r\n<h3>Chip&nbsp;Snapdragon 8 Plus Gen 1</h3>\r\n\r\n<p>Được biết, điện thoại&nbsp;Honor X50 Pro sở hữu sức mạnh từ bộ chip&nbsp;Snapdragon 8 Plus Gen 1 với tiến tr&igrave;nh sản xuất 4nm. Con chip n&agrave;y sở hữu 8 nh&acirc;n CPU gồm 1 nh&acirc;n hiệu năng cao&nbsp;Cortex-X2, 3 nh&acirc;n c&acirc;n bằng&nbsp;Cortex-A710 c&ugrave;ng 4 nh&acirc;n tiết kiệm năng lượng&nbsp;Cortex-A510.&nbsp;Với sự tối ưu mới, bộ vi xử l&yacute; n&agrave;y mang đến hiệu năng cao hơn 10% so với c&aacute;c phi&ecirc;n bản trước đ&oacute;.&nbsp;</p>\r\n\r\n<p>Th&ecirc;m v&agrave;o đ&oacute;, GPU Adreno 730 cũng đ&atilde; được tinh chỉnh lại để cung cấp hiệu suất tốt hơn. Nhờ đ&oacute;, sức mạnh xử l&yacute; của điện thoại tăng th&ecirc;m 10%, gi&uacute;p người d&ugrave;ng c&oacute; thể tận hưởng trải nghiệm chơi game mượt m&agrave;, xem video nhanh ch&oacute;ng v&agrave; thực hiện c&aacute;c t&aacute;c vụ đa phương tiện một c&aacute;ch trơn tru v&agrave; hiệu quả hơn.</p>\r\n\r\n<p><img alt=\"honor-x50-pro-ra-mat-chip-snapdragon-8-plus-gen-1\" src=\"https://cdn.mobilecity.vn/mobilecity-vn/images/2023/12/honor-x50-pro-ra-mat-chip-snapdragon-8-plus-gen-1.jpg.webp\" style=\"height:450px; width:600px\" /></p>\r\n\r\n<p><em>Chip Snapdragon 8 Plus Gen 1</em></p>\r\n\r\n<h3>M&agrave;n h&igrave;nh cong 1.5K tuyệt đẹp</h3>\r\n\r\n<p>X50 Pro được Honor trang bị m&agrave;n h&igrave;nh cong OLED c&oacute; k&iacute;ch thước lớn 6.78 inch, mang đến một trải nghiệm h&igrave;nh ảnh tuyệt đẹp với độ ph&acirc;n giải 1.5K, cung cấp chi tiết sắc n&eacute;t v&agrave; m&agrave;u sắc sống động. Với tốc độ l&agrave;m mới 120Hz, m&agrave;n h&igrave;nh đ&aacute;p ứng tốt c&aacute;c hoạt động đ&ograve;i hỏi tốc độ cao như chơi game v&agrave; xem phim, đồng thời cho hiệu ứng mượt m&agrave;, nhanh nhạy khi cuộn trang, di chuyển v&agrave; tương t&aacute;c tr&ecirc;n m&agrave;n h&igrave;nh.</p>\r\n\r\n<p>Ngo&agrave;i ra, m&agrave;n h&igrave;nh điện thoại cũng hỗ trợ c&ocirc;ng nghệ m&agrave;u 10 bit, cho ph&eacute;p hiển thị m&agrave;u sắc chi tiết v&agrave; phong ph&uacute; hơn, từ đ&oacute;, đảm bảo người d&ugrave;ng c&oacute; thể thưởng thức c&aacute;c h&igrave;nh ảnh, video v&agrave; nội dung đa phương tiện một c&aacute;ch ch&acirc;n thực tuyệt đối.</p>\r\n\r\n<p>Đặc biệt, m&aacute;y c&ograve;n được cung cấp t&iacute;nh năng l&agrave;m mờ độ s&aacute;ng với tần số 1920Hz, gi&uacute;p giảm thiểu hiện tượng nhấp nh&aacute;y v&agrave; mỏi mắt khi sử dụng điện thoại trong thời gian d&agrave;i. M&agrave;n h&igrave;nh sẽ tự động điều chỉnh độ s&aacute;ng để tối ưu h&oacute;a trải nghiệm người d&ugrave;ng v&agrave; đảm bảo mắt lu&ocirc;n thoải m&aacute;i trong mọi điều kiện &aacute;nh s&aacute;ng.</p>\r\n\r\n<p>Hơn nữa, Honor X50 Pro c&ograve;n t&iacute;ch hợp m&aacute;y qu&eacute;t dấu v&acirc;n tay trong m&agrave;n h&igrave;nh, cho ph&eacute;p người d&ugrave;ng mở kh&oacute;a điện thoại một c&aacute;ch nhanh ch&oacute;ng v&agrave; bảo mật. M&aacute;y qu&eacute;t dấu v&acirc;n tay trong m&agrave;n h&igrave;nh sử dụng c&ocirc;ng nghệ sinh trắc học ti&ecirc;n tiến để nhận diện v&agrave; x&aacute;c minh dấu v&acirc;n tay của người d&ugrave;ng, đảm bảo t&iacute;nh bảo mật cao v&agrave; tiện lợi.</p>\r\n\r\n<p><img alt=\" honor-x50-pro-ra-mat-man-hinh\" src=\"https://cdn.mobilecity.vn/mobilecity-vn/images/2023/12/honor-x50-pro-ra-mat-man-hinh.jpg.webp\" style=\"height:450px; width:600px\" /></p>\r\n\r\n<p><em>M&agrave;n h&igrave;nh 1.5K chất lượng</em></p>\r\n\r\n<h3>Camera k&eacute;p 108MP chất lượng</h3>\r\n\r\n<p>M&ocirc;-đun camera sau cũng l&agrave; một điểm đ&aacute;ng ch&uacute; &yacute; kh&aacute;c của chiếc điện thoại n&agrave;y. Trong đ&oacute; c&oacute; chứa c&aacute;c cảm biến camera ấn tượng, bao gồm một cảm biến ch&iacute;nh 108MP mang lại khả năng chụp ảnh chất lượng cao với độ chi tiết tuyệt vời. Với độ ph&acirc;n giải cao như vậy, người d&ugrave;ng c&oacute; thể chụp ảnh r&otilde; n&eacute;t, chi tiết v&agrave; c&oacute; khả năng ph&oacute;ng đại m&agrave; kh&ocirc;ng mất đi chất lượng.</p>\r\n\r\n<p>B&ecirc;n cạnh đ&oacute;, Honor X50 Pro cũng được trang bị một ống k&iacute;nh macro 2MP, cho ph&eacute;p chụp những bức ảnh cận cảnh với độ ph&acirc;n giải cao, tạo ra những h&igrave;nh ảnh độc đ&aacute;o v&agrave; sắc n&eacute;t của c&aacute;c đối tượng v&agrave; những chi tiết nhỏ nhất.</p>\r\n\r\n<p>Đối với ảnh selfie, h&atilde;ng đ&atilde; thiết lập một camera ph&iacute;a trước với độ ph&acirc;n giải 8MP, gi&uacute;p người d&ugrave;ng chụp ảnh tự sướng v&agrave; tham gia v&agrave;o cuộc tr&ograve; chuyện video với độ chi tiết tốt. Mọi người cũng c&oacute; thể chụp ảnh c&aacute; nh&acirc;n v&agrave; chia sẻ trực tuyến một c&aacute;ch dễ d&agrave;ng với bạn b&egrave; v&agrave; gia đ&igrave;nh.</p>\r\n\r\n<p><img alt=\"honor-x50-pro-ra-mat-camera\" src=\"https://cdn.mobilecity.vn/mobilecity-vn/images/2023/12/honor-x50-pro-ra-mat-camera.jpg.webp\" style=\"height:450px; width:600px\" /></p>\r\n\r\n<p><em>Camera ch&iacute;nh 108MP sắc n&eacute;t</em></p>\r\n\r\n<h3>Pin&nbsp;5.800 mAh v&agrave; sạc nhanh ấn tượng</h3>\r\n\r\n<p>Thiết bị Honor X50 Pro kh&ocirc;ng chỉ được cung cấp vi&ecirc;n pin dung lượng lớn 5800mAh để đ&aacute;p ứng nhu cầu sử dụng l&acirc;u d&agrave;i, m&agrave; c&ograve;n hỗ trợ c&ocirc;ng nghệ sạc nhanh 35W để nạp đầy pin một c&aacute;ch nhanh ch&oacute;ng v&agrave; tiện lợi. Điều n&agrave;y gi&uacute;p người d&ugrave;ng tiết kiệm thời gian v&agrave; lu&ocirc;n c&oacute; điện thoại sẵn s&agrave;ng sử dụng khi cần thiết.</p>\r\n\r\n<p><img alt=\"honor-x50-pro-ra-mat-pin\" src=\"https://cdn.mobilecity.vn/mobilecity-vn/images/2023/12/honor-x50-pro-ra-mat-pin.jpg.webp\" style=\"height:450px; width:600px\" /></p>\r\n\r\n<p><em>Pin khủng 5.800 mAh</em></p>\r\n\r\n<h2>Honor X50 Pro gi&aacute; bao nhi&ecirc;u tiền?</h2>\r\n\r\n<p>Sản phẩm Honor X50 Pro c&oacute; gi&aacute; b&aacute;n l&agrave;&nbsp;2.799 Nh&acirc;n d&acirc;n tệ (khoảng 9.6 triệu đồng) với duy nhất biến thể&nbsp;12/256GB. Đ&acirc;y l&agrave; mức gi&aacute; hợp l&yacute; cho một chiếc điện thoại cao cấp với những t&iacute;nh năng v&agrave; cấu h&igrave;nh mạnh mẽ m&agrave; n&oacute; mang lại. Với mức gi&aacute; n&agrave;y, Honor X50 Pro hướng đến đối tượng người d&ugrave;ng muốn sở hữu một chiếc điện thoại điện tử hiện đại v&agrave; đa năng m&agrave; kh&ocirc;ng cần phải chi trả qu&aacute; nhiều.</p>\r\n\r\n<p>Ngo&agrave;i ra, thiết bị cũng được cung cấp 2 t&ugrave;y chọn m&agrave;u sắc l&agrave; m&agrave;u Đen v&agrave; Xanh Lục.</p>\r\n\r\n<p><img alt=\"honor-x50-pro-ra-mat-mau-sac\" src=\"https://cdn.mobilecity.vn/mobilecity-vn/images/2023/12/honor-x50-pro-ra-mat-mau-sac.jpg.webp\" style=\"height:450px; width:600px\" /></p>\r\n\r\n<p><em>2 phi&ecirc;n bản m&agrave;u sắc</em></p>\r\n\r\n<p>Tr&ecirc;n đ&acirc;y l&agrave; to&agrave;n bộ th&ocirc;ng tin về mẫu điện thoại&nbsp;Honor X50 Pro ra mắt. Cảm ơn c&aacute;c bạn đ&atilde; quan t&acirc;m theo d&otilde;i.</p>\r\n', 'honor-x50-pro-ra-mat.jpg', '2023-12-30 05:17:24', 1, 1),
(9, 'So sánh Vivo iQOO Neo 8 vs Redmi Note 12 Turbo: Xiaomi áp đảo', '<p>C&ugrave;ng <strong>so s&aacute;nh Vivo iQOO Neo 8 vs Redmi Note 12 Turbo</strong>,đ&acirc;y sẽ l&agrave; cuộc đối đầu kh&ocirc;ng khoan nhượng của hai smartphone cực mạnh mẽ thuộc ph&acirc;n kh&uacute;c tầm trung. Phần thắng c&oacute; lại thuộc về&nbsp;Redmi hay kh&ocirc;ng? C&acirc;u trả lời nằm trong b&agrave;i viết&nbsp;<a href=\"https://mobilecity.vn/tin-tuc/so-sanh-vivo-iqoo-neo-8-vs-redmi-note-12-turbo.html\" target=\"_blank\">so s&aacute;nh Vivo iQOO Neo 8 vs Redmi Note 12 Turbo</a> ngay dưới đ&acirc;y.</p>\r\n\r\n<h2>So s&aacute;nh Vivo iQOO Neo 8 vs Redmi Note 12 Turbo</h2>\r\n\r\n<p>Thời điểm hiện tại, tr&ecirc;n ph&acirc;n kh&uacute;c x&aacute;ch tay tại Việt Nam đang chứng kiến sự &aacute;p đảo cực mạnh của chiếc <a href=\"https://mobilecity.vn/dien-thoai/xiaomi-redmi-note-12-turbo-edition.html\" target=\"_blank\">Redmi Note 12 Turbo</a> so với c&aacute;c mẫu điện thoại c&ograve;n lại. Mức gi&aacute; cực tốt nhưng đi k&egrave;m hiệu năng rất khủng, m&agrave;n h&igrave;nh OLED 120 Hz si&ecirc;u mượt, vi&ecirc;n pin tr&acirc;u v&agrave; sạc nhanh l&agrave; những g&igrave; m&agrave; mẫu điện thoại n&agrave;y lu&ocirc;n sở hữu. Ch&iacute;nh những yếu tố đ&oacute; đ&atilde; l&agrave;m n&ecirc;n sức h&uacute;t cho chiếc&nbsp;Redmi Note 12 Turbo.<a href=\"https://mobilecity.vn/tin-tuc/so-sanh-vivo-iqoo-neo-8-vs-redmi-note-12-turbo.html\" target=\"_blank\"><img alt=\"So sánh Vivo iQOO Neo 8 vs Redmi Note 12 Turbo: Xiaomi áp đảo\" src=\"https://mobilecity.vn/px.gif?utm_source=dmca_copy&amp;utm_medium=So%20s%C3%A1nh%20Vivo%20iQOO%20Neo%208%20vs%20Redmi%20Note%2012%20Turbo:%20Xiaomi%20%C3%A1p%20%C4%91%E1%BA%A3o&amp;utm_campaign=https://mobilecity.vn/tin-tuc/so-sanh-vivo-iqoo-neo-8-vs-redmi-note-12-turbo.html&amp;utm_content=C%C3%B9ng%20so%20s%C3%A1nh%20Vivo%20iQOO%20Neo%208%20vs%20Redmi%20Note%2012%20Turbo,%20%C4%91%C3%A2y%20s%E1%BA%BD%20l%C3%A0%20cu%E1%BB%99c%20%C4%91%E1%BB%91i%20%C4%91%E1%BA%A7u%20kh%C3%B4ng%20khoan%20nh%C6%B0%E1%BB%A3ng%20c%E1%BB%A7a%20hai%20smartphone%20c%E1%BB%B1c%20m%E1%BA%A1nh%20m%E1%BA%BD%20thu%E1%BB%99c%20ph%C3%A2n%20kh%C3%BAc%20t%E1%BA%A7m%20trung.\" style=\"height:1px; width:1px\" /></a><a href=\"https://mobilecity.vn\" target=\"_blank\"><img alt=\"This article is referenced content from https://mobilecity.vn - So sánh Vivo iQOO Neo 8 vs Redmi Note 12 Turbo: Xiaomi áp đảo\" src=\"https://mobilecity.vn/px.gif?utm_source=dmca_copy&amp;utm_medium=So%20s%C3%A1nh%20Vivo%20iQOO%20Neo%208%20vs%20Redmi%20Note%2012%20Turbo:%20Xiaomi%20%C3%A1p%20%C4%91%E1%BA%A3o&amp;utm_campaign=https://mobilecity.vn/tin-tuc/so-sanh-vivo-iqoo-neo-8-vs-redmi-note-12-turbo.html&amp;utm_content=C%C3%B9ng%20so%20s%C3%A1nh%20Vivo%20iQOO%20Neo%208%20vs%20Redmi%20Note%2012%20Turbo,%20%C4%91%C3%A2y%20s%E1%BA%BD%20l%C3%A0%20cu%E1%BB%99c%20%C4%91%E1%BB%91i%20%C4%91%E1%BA%A7u%20kh%C3%B4ng%20khoan%20nh%C6%B0%E1%BB%A3ng%20c%E1%BB%A7a%20hai%20smartphone%20c%E1%BB%B1c%20m%E1%BA%A1nh%20m%E1%BA%BD%20thu%E1%BB%99c%20ph%C3%A2n%20kh%C3%BAc%20t%E1%BA%A7m%20trung.\" style=\"height:1px; width:1px\" /></a></p>\r\n\r\n<p>Redmi v&agrave; Realme l&agrave; hai thương hiệu đang g&acirc;y được nhiều ấn tượng nhất ở ph&acirc;n kh&uacute;c tầm trung với những chiếc điện thoại tập trung v&agrave;o hiệu năng, m&agrave;n h&igrave;nh, thời lượng pin đin k&egrave;m gi&aacute; b&aacute;n hấp dẫn. C&aacute;i t&ecirc;n duy nhất xứng đ&aacute;ng l&agrave; đối thủ của&nbsp;Redmi v&agrave; Realme sẽ kh&ocirc;ng g&igrave; kh&aacute;c ngo&agrave;i iQOO, thương hiệu d&ugrave; kh&ocirc;ng tr&igrave;nh l&agrave;ng m&aacute;y ồ ạt như Redmi hay ph&aacute; gi&aacute; như Realme vẫn giữ được thị phần kh&ocirc;ng nhỏ nhờ giao diện OriginOS si&ecirc;u mượt, cấu h&igrave;nh khủng, gi&aacute; tốt. Một mẫu điện thoại điển h&igrave;nh ch&iacute;nh l&agrave; chiếc&nbsp;<a href=\"https://mobilecity.vn/dien-thoai/vivo-iqoo-neo-8-gia-re.html\" target=\"_blank\">Vivo iQOO Neo 8</a> hiện đang giảm gi&aacute; c&ograve;n hơn 6 triệu đồng.</p>\r\n\r\n<h3>Hiệu năng</h3>\r\n\r\n<table>\r\n	<tbody>\r\n		<tr>\r\n			<td>&nbsp;</td>\r\n			<td>Redmi Note 12 Turbo</td>\r\n			<td>Vivo iQOO Neo 8</td>\r\n		</tr>\r\n		<tr>\r\n			<td>Chipset</td>\r\n			<td>Snapdragon 7 Plus Gen 2</td>\r\n			<td>Snapdragon 8 Plus Gen 1</td>\r\n		</tr>\r\n		<tr>\r\n			<td>Tiến tr&igrave;nh</td>\r\n			<td>4nm</td>\r\n			<td>4nm</td>\r\n		</tr>\r\n		<tr>\r\n			<td>CPU</td>\r\n			<td>8 nh&acirc;n<br />\r\n			1x2.91 GHz Cortex-X2<br />\r\n			3x2.49 GHz Cortex-A710<br />\r\n			4x1.8 GHz Cortex-A510</td>\r\n			<td>8 nh&acirc;n<br />\r\n			1x3.0 GHz Cortex-X2<br />\r\n			3x2.5 GHz Cortex-A710<br />\r\n			4x1.80 GHz Cortex-A510</td>\r\n		</tr>\r\n		<tr>\r\n			<td>GPU</td>\r\n			<td>Adreno 725</td>\r\n			<td>Adreno 730</td>\r\n		</tr>\r\n	</tbody>\r\n</table>\r\n\r\n<p>Vivo iQOO Neo 8 l&agrave; một chiếc điện thoại tầm trung d&agrave;nh cho những người thường xuy&ecirc;n chơi game hoặc sử dụng c&aacute;c ứng dụng nặng. V&igrave; vậy, điện thoại n&agrave;y sở hữu hiệu năng mạnh mẽ nhờ việc trang bị con chip Snapdragon 8 Plus Gen 1 cao cấp, được ra mắt v&agrave;o giữa năm 2022.</p>\r\n\r\n<p>Snapdragon 8 Plus Gen 1 c&oacute; bộ vi xử l&yacute; 8 nh&acirc;n được tổ chức th&agrave;nh 3 nh&oacute;m, bao gồm 1 nh&acirc;n si&ecirc;u hiệu năng Cortex-X2 với tốc độ tối đa 3.0 GHz, 3 nh&acirc;n Cortex-A710 xung nhịp 2.5 GHz v&agrave; 4 nh&acirc;n Cortex-A510 tiết kiệm năng lượng c&oacute; thể đạt tốc độ cao nhất 1.80 GHz. Vi xử l&yacute; đồ họa sẽ do GPU Adreno 730 đảm nhận. Đ&acirc;y l&agrave; c&aacute;c linh kiện phần cứng cao cấp nhất của năm 2022, đ&atilde; được kiểm chứng sau một thời gian d&agrave;i với độ ổn định v&agrave; tin cậy rất cao. Snapdragon 8 Plus Gen 1 c&oacute; hiệu suất mạnh mẽ, vượt trội so với người tiền nhiệm Snapdragon 8 Gen 1.</p>\r\n\r\n<p><img alt=\"Hiệu năng\" src=\"https://cdn.mobilecity.vn/mobilecity-vn/images/2023/12/so-sanh-vivo-iqoo-neo-8-vs-redmi-note-12-turbo-1.jpg.webp\" style=\"height:450px; width:600px\" /></p>\r\n\r\n<p><em>Hiệu năng</em></p>\r\n\r\n<p>Phi&ecirc;n bản chip Snapdragon 7 Plus Gen 2 của Redmi Note 12 Turbo kh&ocirc;ng cao cấp hơn một ch&uacute;t so với phi&ecirc;n bản Snapdragon 8 Plus Gen 1, với c&aacute;c nh&acirc;n CPU tương đương, chỉ l&agrave; xung nhịp tối đa giảm đi một ch&uacute;t. Ngo&agrave;i ra, GPU cũng được thay thế bằng phi&ecirc;n bản thấp hơn.</p>\r\n\r\n<p>Cả Xiaomi v&agrave; iQOO đều l&agrave; những thương hiệu nổi tiếng với việc tối ưu hiệu suất cho c&aacute;c chip cao cấp, cải thiện trải nghiệm chơi game tr&ecirc;n c&aacute;c thiết bị tầm trung. Hiện tại, cả hai d&ograve;ng điện thoại n&agrave;y đều kh&ocirc;ng gặp vấn đề bị hạn chế hiệu suất như c&aacute;c phi&ecirc;n bản trước đ&oacute;, trải nghiệm sử dụng ho&agrave;n to&agrave;n mượt m&agrave; v&agrave; nhanh ch&oacute;ng.</p>\r\n\r\n<h3>M&agrave;n h&igrave;nh</h3>\r\n\r\n<table>\r\n	<tbody>\r\n		<tr>\r\n			<td>&nbsp;</td>\r\n			<td>Redmi Note 12 Turbo</td>\r\n			<td>Vivo iQOO Neo 8</td>\r\n		</tr>\r\n		<tr>\r\n			<td>Tấm nền</td>\r\n			<td>OLED<br />\r\n			120 Hz</td>\r\n			<td>AMOLED<br />\r\n			144 Hz</td>\r\n		</tr>\r\n		<tr>\r\n			<td>Độ s&aacute;ng</td>\r\n			<td>1.100 nit (tối đa)</td>\r\n			<td>1.300 nit (tối đa)</td>\r\n		</tr>\r\n		<tr>\r\n			<td>K&iacute;ch thước</td>\r\n			<td>6.67 inch, 20:9</td>\r\n			<td>6.78 inch, 20:9</td>\r\n		</tr>\r\n		<tr>\r\n			<td>Độ ph&acirc;n giải</td>\r\n			<td>Full HD+<br />\r\n			1.080 x 2.400 pixel</td>\r\n			<td>1.5K<br />\r\n			1.260 x 2.800 pixel</td>\r\n		</tr>\r\n		<tr>\r\n			<td>K&iacute;nh bảo vệ</td>\r\n			<td>K&iacute;nh cường lực</td>\r\n			<td>K&iacute;nh cường lực</td>\r\n		</tr>\r\n	</tbody>\r\n</table>\r\n\r\n<p>M&agrave;n h&igrave;nh của Redmi Note 12 Turbo v&agrave; Vivo iQOO Neo 8 c&oacute; nhiều điểm tương đồng. Với k&iacute;ch thước 6.74 inch, m&agrave;n h&igrave;nh của Redmi Note 12 Turbo nhỏ hơn một ch&uacute;t so với m&agrave;n h&igrave;nh 6,78 inch của Vivo iQOO Neo 8. Ngo&agrave;i ra, Redmi Note 12 Turbo c&ograve;n c&oacute; tần số l&agrave;m mới l&ecirc;n đến 120 Hz, thấp hơn đ&aacute;ng kể so với tần số l&agrave;m mới 144 Hz tr&ecirc;n Vivo iQOO Neo 8, gi&uacute;p hiển thị h&igrave;nh ảnh sắc n&eacute;t v&agrave; mượt m&agrave; hơn tr&ecirc;n m&agrave;n h&igrave;nh.</p>\r\n\r\n<p><img alt=\"Màn hình\" src=\"https://cdn.mobilecity.vn/mobilecity-vn/images/2023/12/so-sanh-vivo-iqoo-neo-8-vs-redmi-note-12-turbo-5.jpg.webp\" style=\"height:450px; width:600px\" /></p>\r\n\r\n<p><em>M&agrave;n h&igrave;nh</em></p>\r\n\r\n<p>Redmi Note 12 Turbo c&oacute; độ s&aacute;ng m&agrave;n h&igrave;nh v&agrave; độ ph&acirc;n giải cao, nhưng vẫn thấp hơn so với Vivo iQOO Neo 8 (1.100 so với 1.300 nits), gi&uacute;p hiển thị h&igrave;nh ảnh r&otilde; n&eacute;t ngay cả dưới &aacute;nh s&aacute;ng mạnh. Điều n&agrave;y sẽ hữu &iacute;ch cho những người thường xuy&ecirc;n hoạt động ngo&agrave;i trời. Tuy nhi&ecirc;n, về độ ph&acirc;n giải, mẫu Redmi Note 12 Turbo lại thua k&eacute;m hơn v&igrave; m&agrave;n h&igrave;nh Full HD+ sẽ cho độ chi tiết thấp hơn đ&aacute;ng kể so với tấm nền 1.5K tr&ecirc;n chiếc Vivo iQOO Neo 8.</p>\r\n\r\n<h3>Pin v&agrave; sạc</h3>\r\n\r\n<table>\r\n	<tbody>\r\n		<tr>\r\n			<td>&nbsp;</td>\r\n			<td>Redmi Note 12 Turbo</td>\r\n			<td>Vivo iQOO Neo 8</td>\r\n		</tr>\r\n		<tr>\r\n			<td>Pin</td>\r\n			<td>5.000 mAh</td>\r\n			<td>5.000 mAh</td>\r\n		</tr>\r\n		<tr>\r\n			<td>Sạc nhanh</td>\r\n			<td>67W</td>\r\n			<td>120W</td>\r\n		</tr>\r\n		<tr>\r\n			<td>Kết nối USB</td>\r\n			<td>USB Type-C 2.0<br />\r\n			480 Mb/s</td>\r\n			<td>USB Type-C 2.0<br />\r\n			480 Mb/s</td>\r\n		</tr>\r\n	</tbody>\r\n</table>\r\n\r\n<p>Redmi Note 12 Turbo được trang bị pin dung lượng lớn l&ecirc;n đến 5.000 mAh, đ&uacute;ng bằng so với Vivo iQOO Neo 8 v&agrave; cao hơn so với Vivo iQOO Neo 8. Tuy nhi&ecirc;n, do c&aacute;ch tối ưu, thời lượng sử dụng của Redmi Note 12 Turbo sẽ &iacute;t hơn so với c&aacute;c đối thủ. Điểm yếu của Redmi Note 12 Turbo l&agrave; khả năng hỗ trợ tốc độ sạc nhanh 67W, thấp hơn so với tốc độ sạc nhanh 120W của Vivo iQOO Neo 8.</p>\r\n\r\n<p><img alt=\"Pin và sạc\" src=\"https://cdn.mobilecity.vn/mobilecity-vn/images/2023/12/so-sanh-vivo-iqoo-neo-8-vs-redmi-note-12-turbo-2.jpg.webp\" style=\"height:450px; width:600px\" /></p>\r\n\r\n<p><em>Pin v&agrave; sạc</em></p>\r\n\r\n<h3>Camera</h3>\r\n\r\n<table>\r\n	<tbody>\r\n		<tr>\r\n			<td>&nbsp;</td>\r\n			<td>Redmi Note 12 Turbo</td>\r\n			<td>Vivo iQOO Neo 8</td>\r\n		</tr>\r\n		<tr>\r\n			<td>Camera<br />\r\n			Sau</td>\r\n			<td>64 MP (g&oacute;c rộng), OIS<br />\r\n			8 MP (g&oacute;c si&ecirc;u rộng)<br />\r\n			2 MP (macro)</td>\r\n			<td>50 MP (g&oacute;c rộng), OIS<br />\r\n			2 MP (macro)</td>\r\n		</tr>\r\n		<tr>\r\n			<td>Camera<br />\r\n			Trước</td>\r\n			<td>16 MP (g&oacute;c rộng)</td>\r\n			<td>16 MP (g&oacute;c rộng)</td>\r\n		</tr>\r\n	</tbody>\r\n</table>\r\n\r\n<p>Redmi Note 12 Turbo v&agrave; Vivo iQOO Neo 8 - hai trong những phi&ecirc;n bản tầm trung đ&aacute;ng ch&uacute; &yacute; nhất của năm 2024, khi so s&aacute;nh, cho thấy Redmi Note 12 Turbo được đ&aacute;nh gi&aacute; cao hơn. L&yacute; do l&agrave; do Redmi Note 12 Turbo c&oacute; một camera sau được n&acirc;ng cấp với cảm biến ảnh cao cấp l&ecirc;n tới 64 MP v&agrave; hai camera phụ ở ph&iacute;a sau. Tr&aacute;i lại, Vivo iQOO Neo 8 chỉ c&oacute; hai camera ch&iacute;nh m&agrave; th&ocirc;i, với th&ocirc;ng số kh&ocirc;ng mấy ấn tượng, v&agrave; chắc chắn thua k&eacute;m đối thủ của n&oacute;.</p>\r\n\r\n<p><img alt=\"Camera\" src=\"https://cdn.mobilecity.vn/mobilecity-vn/images/2023/12/so-sanh-vivo-iqoo-neo-8-vs-redmi-note-12-turbo-4.jpg.webp\" style=\"height:450px; width:600px\" /></p>\r\n\r\n<p><em>Camera</em></p>\r\n\r\n<p>Với camera c&oacute; độ ph&acirc;n giải l&ecirc;n đến 8 MP, 64 MP v&agrave; 2 MP, Redmi Note 12 Turbo đảm bảo chất lượng h&igrave;nh ảnh cao v&agrave; cải thiện sự chi tiết cho mỗi bức ảnh. Ngo&agrave;i ra, camera trước của Redmi Note 12 Turbo cũng c&oacute; khả năng quay phim v&agrave; chụp ảnh tự sướng ở độ ph&acirc;n giải Full HD+, tuy nhi&ecirc;n, độ ph&acirc;n giải n&agrave;y chỉ bằng so với Vivo iQOO Neo 8.</p>\r\n\r\n<h3>Thiết kế</h3>\r\n\r\n<table>\r\n	<tbody>\r\n		<tr>\r\n			<td>&nbsp;</td>\r\n			<td>Redmi Note 12 Turbo</td>\r\n			<td>Vivo iQOO Neo 8</td>\r\n		</tr>\r\n		<tr>\r\n			<td>Thiết kế</td>\r\n			<td>Khung phẳng<br />\r\n			M&agrave;n h&igrave;nh cong nhẹ<br />\r\n			Mặt lưng cong</td>\r\n			<td>Khung cong<br />\r\n			M&agrave;n h&igrave;nh cong nhẹ<br />\r\n			Mặt lưng cong</td>\r\n		</tr>\r\n		<tr>\r\n			<td>Chất liệu</td>\r\n			<td>Mặt lưng nhựa<br />\r\n			Mặt trước k&iacute;nh</td>\r\n			<td>Mặt lưng k&iacute;nh nh&aacute;m<br />\r\n			Mặt trước k&iacute;nh</td>\r\n		</tr>\r\n		<tr>\r\n			<td>Kh&aacute;ng nước,<br />\r\n			Bụi</td>\r\n			<td>Kh&ocirc;ng</td>\r\n			<td>Kh&ocirc;ng</td>\r\n		</tr>\r\n	</tbody>\r\n</table>\r\n\r\n<p>Cả Redmi Note 12 Turbo v&agrave; Vivo iQOO Neo 8 đều c&oacute; thiết kế trẻ trung nhưng mang phong c&aacute;ch ri&ecirc;ng biệt. M&agrave;n h&igrave;nh cong nhẹ 2.5D của Vivo iQOO Neo 8, trong khi Redmi Note 12 Turbo sở hữu mặt lưng nhựa, c&ograve;n phần khung viền cũng rất giống nhau với chất liệu nhựa. Tuy nhi&ecirc;n, Vivo iQOO Neo 8 được đ&aacute;nh gi&aacute; k&eacute;m hơn một ch&uacute;t về ngoại h&igrave;nh, đặc biệt l&agrave; phần lưng, với vẻ đẹp v&agrave; chất lượng cao l&eacute;p vế so với Redmi Note 12 Turbo - một chiếc điện thoại tầm trung của Xiaomi lu&ocirc;n được đ&aacute;nh gi&aacute; cao về thẩm mỹ.</p>\r\n\r\n<p><img alt=\"Thiết kế\" src=\"https://cdn.mobilecity.vn/mobilecity-vn/images/2023/12/so-sanh-vivo-iqoo-neo-8-vs-redmi-note-12-turbo-3.jpg.webp\" style=\"height:450px; width:600px\" /></p>\r\n\r\n<p><em>Thiết kế</em></p>\r\n\r\n<h2>Kết luận</h2>\r\n\r\n<p>Vivo iQOO Neo 8 đ&atilde; ho&agrave;n to&agrave;n &aacute;p đảo chiếc Redmi Note 12 Turbo ở đa số c&aacute;c ti&ecirc;u ch&iacute; ngoại trừ dung lượng pin, cũng như thiết kế b&ecirc;n ngo&agrave;i đều c&oacute; sự nhỉnh hơn d&agrave;nh cho chiếc Redmi Note 12 Turbo, nhưng d&ugrave; sao gi&aacute; b&aacute;n của chiếc Vivo iQOO Neo 8 vẫn rẻ hơn một ch&uacute;t.</p>\r\n\r\n<p>Tr&ecirc;n đ&acirc;y l&agrave; b&agrave;i viết so s&aacute;nh Vivo iQOO Neo 8 vs Redmi Note 12 Turbo của MobileCity, bạn sẽ chọn mua mẫu điện thoại n&agrave;o?</p>\r\n', 'so-sanh-vivo-iqoo-neo-9-vs-redmi-note-12-turbo-8-gen-2-6.jpg', '2023-12-30 10:03:44', 1, 1),
(10, 'So sánh Vivo iQOO Neo 9 Pro vs Realme GT5 Pro: Rẻ hơn mà tốt hơn', '<p>C&ugrave;ng <strong>so s&aacute;nh Vivo iQOO Neo 9 Pro vs Realme GT5 Pro</strong>, lại th&ecirc;m một mẫu điện thoại tầm trung cận cao cấp mới ra mắt, khiến cho cuộc tranh tranh trở n&ecirc;n gay cấn hơn bao giờ hết. Lần n&agrave;y phần thắng sẽ thuộc về thương hiệu n&agrave;o? C&acirc;u trả lời nằm trong b&agrave;i viết&nbsp;<a href=\"https://mobilecity.vn/tin-tuc/so-sanh-vivo-iqoo-neo-9-pro-vs-realme-gt5-pro.html\" target=\"_blank\">so s&aacute;nh Vivo iQOO Neo 9 Pro vs Realme GT5 Pro</a> dưới đ&acirc;y.</p>\r\n\r\n<h2>So s&aacute;nh Vivo iQOO Neo 9 Pro vs Realme GT5 Pro</h2>\r\n\r\n<p>Kh&aacute;c với Redmi hoặc Realme sẽ ra mắt c&aacute;c mẫu điện thoại tầm trung của họ với chu kỳ khoảng 10 tới 11 th&aacute;ng th&igrave; thương hiệu iQOO lại cho tr&igrave;nh l&agrave;ng tới 2 thế hệ smartphone tầm trung trong một năm. Th&aacute;ng 5 2023, h&atilde;ng đ&atilde; tung ra d&ograve;ng Neo 8 Series, tới cuối th&aacute;ng 12 vừa qua, thương hiệu n&agrave;y lại ra mắt chiếc&nbsp;<a href=\"https://mobilecity.vn/dien-thoai/vivo-iqoo-neo-9-pro-5g.html\" target=\"_blank\">Vivo iQOO Neo 9 Pro</a> với rất nhiều n&acirc;ng cấp trong khi gi&aacute; b&aacute;n lại rẻ hơn cả bản tiền nhiệm.<a href=\"https://mobilecity.vn/tin-tuc/so-sanh-vivo-iqoo-neo-9-pro-vs-realme-gt5-pro.html\" target=\"_blank\"><img alt=\"So sánh Vivo iQOO Neo 9 Pro vs Realme GT5 Pro: Rẻ hơn mà tốt hơn\" src=\"https://mobilecity.vn/px.gif?utm_source=dmca_copy&amp;utm_medium=So%20s%C3%A1nh%20Vivo%20iQOO%20Neo%209%20Pro%20vs%20Realme%20GT5%20Pro:%20R%E1%BA%BB%20h%C6%A1n%20m%C3%A0%20t%E1%BB%91t%20h%C6%A1n&amp;utm_campaign=https://mobilecity.vn/tin-tuc/so-sanh-vivo-iqoo-neo-9-pro-vs-realme-gt5-pro.html&amp;utm_content=C%C3%B9ng%20so%20s%C3%A1nh%20Vivo%20iQOO%20Neo%209%20Pro%20vs%20Realme%20GT5%20Pro,%20l%E1%BA%A1i%20th%C3%AAm%20m%E1%BB%99t%20m%E1%BA%ABu%20%C4%91i%E1%BB%87n%20tho%E1%BA%A1i%20t%E1%BA%A7m%20trung%20c%E1%BA%ADn%20cao%20c%E1%BA%A5p%20m%E1%BB%9Bi%20ra%20m%E1%BA%AFt,%20khi%E1%BA%BFn%20cho%20cu%E1%BB%99c%20tranh%20tranh%20tr%E1%BB%9F%20n%C3%AAn%20gay%20c%E1%BA%A5n%20h%C6%A1n.\" style=\"height:1px; width:1px\" /></a><a href=\"https://mobilecity.vn\" target=\"_blank\"><img alt=\"This article is referenced content from https://mobilecity.vn - So sánh Vivo iQOO Neo 9 Pro vs Realme GT5 Pro: Rẻ hơn mà tốt hơn\" src=\"https://mobilecity.vn/px.gif?utm_source=dmca_copy&amp;utm_medium=So%20s%C3%A1nh%20Vivo%20iQOO%20Neo%209%20Pro%20vs%20Realme%20GT5%20Pro:%20R%E1%BA%BB%20h%C6%A1n%20m%C3%A0%20t%E1%BB%91t%20h%C6%A1n&amp;utm_campaign=https://mobilecity.vn/tin-tuc/so-sanh-vivo-iqoo-neo-9-pro-vs-realme-gt5-pro.html&amp;utm_content=C%C3%B9ng%20so%20s%C3%A1nh%20Vivo%20iQOO%20Neo%209%20Pro%20vs%20Realme%20GT5%20Pro,%20l%E1%BA%A1i%20th%C3%AAm%20m%E1%BB%99t%20m%E1%BA%ABu%20%C4%91i%E1%BB%87n%20tho%E1%BA%A1i%20t%E1%BA%A7m%20trung%20c%E1%BA%ADn%20cao%20c%E1%BA%A5p%20m%E1%BB%9Bi%20ra%20m%E1%BA%AFt,%20khi%E1%BA%BFn%20cho%20cu%E1%BB%99c%20tranh%20tranh%20tr%E1%BB%9F%20n%C3%AAn%20gay%20c%E1%BA%A5n%20h%C6%A1n.\" style=\"height:1px; width:1px\" /></a></p>\r\n\r\n<p>Lần đầu ti&ecirc;n quay lại thị trường smartphone cao cấp sau hơn 2 năm vắng b&oacute;ng của Realme được đ&aacute;nh dấu bằng sự kiện ra mắt mẫu&nbsp;<a href=\"https://mobilecity.vn/dien-thoai/realme-gt5-pro-sieu-manh.html\" target=\"_blank\">Realme GT5 Pro</a>. Chipset&nbsp;Snapdragon 8 Gen 3 cao cấp v&agrave; mạnh mẽ bậc nhất, m&agrave;n h&igrave;nh độ s&aacute;ng cao nhất thế giới, dung lượng pin khủng v&agrave; hệ thống camera n&acirc;ng cấp mạnh mẽ, biến thiết bị n&agrave;y th&agrave;nh một điện thoại đ&aacute;ng mua kh&ocirc;ng k&eacute;m so với c&aacute;c đại diện tới từ Xiaomi, Redmi hay iQOO.</p>\r\n\r\n<h3>Hiệu năng</h3>\r\n\r\n<table>\r\n	<tbody>\r\n		<tr>\r\n			<td>&nbsp;</td>\r\n			<td>Realme GT5 Pro</td>\r\n			<td>Vivo iQOO Neo 9 Pro</td>\r\n		</tr>\r\n		<tr>\r\n			<td>Chipset</td>\r\n			<td>Snapdragon 8 Gen 3</td>\r\n			<td>Dimensity 9300</td>\r\n		</tr>\r\n		<tr>\r\n			<td>Tiến tr&igrave;nh</td>\r\n			<td>4nm</td>\r\n			<td>4nm</td>\r\n		</tr>\r\n		<tr>\r\n			<td>CPU</td>\r\n			<td>8 nh&acirc;n<br />\r\n			1x3.3 GHz Cortex-X4<br />\r\n			5x3.2 GHz Cortex-A720<br />\r\n			2x2.3 GHz Cortex-A520</td>\r\n			<td>8 nh&acirc;n<br />\r\n			1x3.25 GHz Cortex-X4<br />\r\n			3x2.85 GHz Cortex-X4<br />\r\n			4x2.00 GHz Cortex-A720</td>\r\n		</tr>\r\n		<tr>\r\n			<td>GPU</td>\r\n			<td>Adreno 750</td>\r\n			<td>Adreno 740</td>\r\n		</tr>\r\n	</tbody>\r\n</table>\r\n\r\n<p>Đối với c&aacute;c smartphone cận cao cấp, nhất l&agrave; với c&aacute;c thương hiệu Trung Quốc, th&igrave; hiệu năng l&agrave; một trong những yếu tố ti&ecirc;n quyết phải l&agrave;m tốt v&agrave; tất nhi&ecirc;n trường hợp của chiếc&nbsp;Vivo iQOO Neo 9 Pro v&agrave;&nbsp;Realme GT5 Pro cũng kh&ocirc;ng ngoại lệ, cả hai được trang bị những con chip cao cấp, mới ra mắt, hiện nay đang ở vị thế mạnh nhất nh&igrave; thị trường trong &iacute;t nhất 6 th&aacute;ng hoặc 1 năm tới. Đ&oacute; l&agrave; con chip&nbsp;Snapdragon 8 Gen 3 v&agrave;&nbsp;Dimensity 9300 hai đại diện mạnh mẽ nhất của thương hiệu chip xử l&yacute; Qualcomm v&agrave; MediaTek.</p>\r\n\r\n<p><img alt=\"Hiệu năng\" src=\"https://cdn.mobilecity.vn/mobilecity-vn/images/2023/12/so-sanh-vivo-iqoo-neo-9-pro-vs-realme-gt5-pro-8-gen-3-3.jpg.webp\" style=\"height:450px; width:600px\" /></p>\r\n\r\n<p><em>Hiệu năng</em></p>\r\n\r\n<p>Bộ xử l&yacute; Snapdragon 8 Gen 3 của Qualcomm hiện đang l&agrave; một trong những bộ xử l&yacute; h&agrave;ng đầu v&agrave; sẽ được sử dụng tr&ecirc;n Meizu 21. Dự kiến v&agrave;o năm 2024, n&oacute; sẽ trở th&agrave;nh bộ xử l&yacute; mạnh mẽ nhất. Bộ xử l&yacute; n&agrave;y c&oacute; 8 nh&acirc;n CPU được sắp xếp theo cấu tr&uacute;c độc đ&aacute;o 1+5+2, với 1 nh&acirc;n si&ecirc;u cao hiệu năng Cortex-X4 chạy ở tốc độ 3,3 GHz, kết hợp với 5 nh&acirc;n hiệu năng cao Cortex-A720 chạy ở tốc độ tối đa l&agrave; 3,2 GHz v&agrave; 2 nh&acirc;n tiết kiệm năng lượng Cortex-A520 chạy ở tốc độ 2,3 GHz. GPU t&iacute;ch hợp Adreno 750 được sử dụng để xử l&yacute; c&aacute;c t&aacute;c vụ đồ họa tr&ecirc;n điện thoại th&ocirc;ng minh. Dự kiến Snapdragon 8 Gen 3 sẽ trở th&agrave;nh bộ xử l&yacute; mạnh mẽ nhất v&agrave;o năm 2024.</p>\r\n\r\n<p>Tuy nhi&ecirc;n, MediaTek đ&atilde; g&acirc;y bất ngờ khi trang bị con chip mạnh nhất của họ với 8 nh&acirc;n CPU, trong đ&oacute; bao gồm 4 nh&acirc;n si&ecirc;u hiệu năng Cortex-X4 kết hợp với 4 nh&acirc;n hiệu năng cao Cortex-A720 v&agrave; kh&ocirc;ng c&oacute; bất kỳ nh&acirc;n tiết kiệm năng lượng n&agrave;o được sử dụng. Đ&acirc;y l&agrave; c&aacute;ch bố tr&iacute; c&aacute;c nh&acirc;n CPU lần đầu ti&ecirc;n được &aacute;p dụng trong thực tế, nhưng hiệu quả của n&oacute; l&agrave; kh&ocirc;ng thể phủ nhận. Tối ưu h&oacute;a cho từng nh&acirc;n CPU đ&atilde; mang lại hiệu quả năng lượng cao hơn so với Qualcomm v&agrave; ho&agrave;n to&agrave;n tr&aacute;nh được t&igrave;nh trạng qu&aacute; nhiệt như nhiều người đ&atilde; dự đo&aacute;n trước đ&oacute;.</p>\r\n\r\n<h3>M&agrave;n h&igrave;nh</h3>\r\n\r\n<table>\r\n	<tbody>\r\n		<tr>\r\n			<td>&nbsp;</td>\r\n			<td>Realme GT5 Pro</td>\r\n			<td>Vivo iQOO Neo 9 Pro</td>\r\n		</tr>\r\n		<tr>\r\n			<td>Tấm nền</td>\r\n			<td>LTPO AMOLED<br />\r\n			144 Hz</td>\r\n			<td>LTPO AMOLED<br />\r\n			144 Hz</td>\r\n		</tr>\r\n		<tr>\r\n			<td>Độ s&aacute;ng</td>\r\n			<td>4.500 nit (tối đa)</td>\r\n			<td>1.300 nit (tối đa)</td>\r\n		</tr>\r\n		<tr>\r\n			<td>K&iacute;ch thước</td>\r\n			<td>6.67 inch, 20:9</td>\r\n			<td>6.78 inch, 20:9</td>\r\n		</tr>\r\n		<tr>\r\n			<td>Độ ph&acirc;n giải</td>\r\n			<td>1.5K<br />\r\n			1.264 x 2.780 pixel</td>\r\n			<td>1.5K<br />\r\n			1.260 x 2.800 pixel</td>\r\n		</tr>\r\n		<tr>\r\n			<td>K&iacute;nh bảo vệ</td>\r\n			<td>K&iacute;nh cường lực</td>\r\n			<td>K&iacute;nh cường lực</td>\r\n		</tr>\r\n	</tbody>\r\n</table>\r\n\r\n<p>M&agrave;n h&igrave;nh của Realme GT5 Pro v&agrave; Vivo iQOO Neo 9 Pro c&oacute; nhiều điểm tương đồng. Với k&iacute;ch thước 6,74 inch, m&agrave;n h&igrave;nh của Realme GT5 Pro nhỏ hơn một ch&uacute;t so với m&agrave;n h&igrave;nh 6,67 inch của Vivo iQOO Neo 9 Pro. Ngo&agrave;i ra, Realme GT5 Pro cũng c&oacute; tần số l&agrave;m mới l&ecirc;n đến 144 Hz, tương đương với tần số l&agrave;m mới 144 Hz tr&ecirc;n Vivo iQOO Neo 9 Pro, gi&uacute;p hiển thị h&igrave;nh ảnh sắc n&eacute;t v&agrave; mượt m&agrave; hơn tr&ecirc;n m&agrave;n h&igrave;nh.</p>\r\n\r\n<p><img alt=\"Màn hình\" src=\"https://cdn.mobilecity.vn/mobilecity-vn/images/2023/12/so-sanh-vivo-iqoo-neo-9-pro-vs-realme-gt5-pro-8-gen-3-2.jpg.webp\" style=\"height:450px; width:600px\" /></p>\r\n\r\n<p><em>M&agrave;n h&igrave;nh</em></p>\r\n\r\n<p>Realme GT5 Pro c&oacute; m&agrave;n h&igrave;nh s&aacute;ng v&agrave; độ ph&acirc;n giải cao, vượt trội hơn so với Vivo iQOO Neo 9 Pro (4.500 nits so với 1.300 nits), gi&uacute;p hiển thị h&igrave;nh ảnh r&otilde; n&eacute;t ngay cả dưới &aacute;nh s&aacute;ng mạnh. Điều n&agrave;y sẽ hữu &iacute;ch cho những người thường xuy&ecirc;n hoạt động ngo&agrave;i trời. Tuy nhi&ecirc;n, về độ ph&acirc;n giải, mẫu Realme GT5 Pro lại thua k&eacute;m v&igrave; m&agrave;n h&igrave;nh&nbsp;1.5K sẽ cho độ chi tiết cao tương đương so với tấm nền 1.5K tr&ecirc;n chiếc Vivo iQOO Neo 9 Pro.</p>\r\n\r\n<h3>Pin v&agrave; sạc</h3>\r\n\r\n<table>\r\n	<tbody>\r\n		<tr>\r\n			<td>&nbsp;</td>\r\n			<td>Realme GT5 Pro</td>\r\n			<td>Vivo iQOO Neo 9 Pro</td>\r\n		</tr>\r\n		<tr>\r\n			<td>Pin</td>\r\n			<td>5.400 mAh</td>\r\n			<td>5.160 mAh</td>\r\n		</tr>\r\n		<tr>\r\n			<td>Sạc nhanh</td>\r\n			<td>100W</td>\r\n			<td>120W</td>\r\n		</tr>\r\n		<tr>\r\n			<td>Kết nối USB</td>\r\n			<td>USB Type-C 2.0<br />\r\n			480 Mb/s</td>\r\n			<td>USB Type-C 2.0<br />\r\n			480 Mb/s</td>\r\n		</tr>\r\n	</tbody>\r\n</table>\r\n\r\n<p>Realme GT5 Pro c&oacute; pin dung lượng l&ecirc;n đến 5.400 mAh, cao hơn so với 5.160 mAh của Vivo iQOO Neo 9 Pro. Tuy nhi&ecirc;n, do dung lượng pin lớn, thời lượng sử dụng của Realme GT5 Pro sẽ &iacute;t hơn so với c&aacute;c đối thủ. Một điểm yếu kh&aacute;c của Realme GT5 Pro l&agrave; khả năng hỗ trợ sạc nhanh 100W, thấp hơn r&otilde; rệt so với 120W của Vivo iQOO Neo 9 Pro.</p>\r\n\r\n<p><img alt=\"Pin và sạc\" src=\"https://cdn.mobilecity.vn/mobilecity-vn/images/2023/12/so-sanh-vivo-iqoo-neo-9-pro-vs-realme-gt5-pro-8-gen-3-4.jpg.webp\" style=\"height:450px; width:600px\" /></p>\r\n\r\n<p><em>Pin v&agrave; sạc</em></p>\r\n\r\n<h3>Camera</h3>\r\n\r\n<table>\r\n	<tbody>\r\n		<tr>\r\n			<td>&nbsp;</td>\r\n			<td>Realme GT5 Pro</td>\r\n			<td>Vivo iQOO Neo 9 Pro</td>\r\n		</tr>\r\n		<tr>\r\n			<td>Camera<br />\r\n			Sau</td>\r\n			<td>50 MP (g&oacute;c rộng), OIS<br />\r\n			8 MP (g&oacute;c si&ecirc;u rộng)<br />\r\n			50 MP (tele)</td>\r\n			<td>50 MP (g&oacute;c rộng), OIS<br />\r\n			50 MP (g&oacute;c rộng si&ecirc;u)</td>\r\n		</tr>\r\n		<tr>\r\n			<td>Camera<br />\r\n			Trước</td>\r\n			<td>16 MP (g&oacute;c rộng)</td>\r\n			<td>16 MP (g&oacute;c rộng)</td>\r\n		</tr>\r\n	</tbody>\r\n</table>\r\n\r\n<p>Realme GT5 Pro v&agrave; Vivo iQOO Neo 9 Pro - hai trong những phi&ecirc;n bản tầm trung đ&aacute;ng ch&uacute; &yacute; nhất của năm 2024, khi so s&aacute;nh, cho thấy Realme GT5 Pro được đ&aacute;nh gi&aacute; cao hơn. L&yacute; do l&agrave; Realme GT5 Pro trang bị một camera sau được n&acirc;ng cấp với cảm biến ảnh cao cấp l&ecirc;n tới 48 MP v&agrave; hai camera phụ ở ph&iacute;a sau. Ngược lại, Vivo iQOO Neo 9 Pro chỉ c&oacute; hai camera ch&iacute;nh m&agrave; th&ocirc;i, với th&ocirc;ng số kh&ocirc;ng mấy ấn tượng, v&agrave; chắc chắn thua k&eacute;m đối thủ của n&oacute;.</p>\r\n\r\n<p><img alt=\"Camera\" src=\"https://cdn.mobilecity.vn/mobilecity-vn/images/2023/12/so-sanh-vivo-iqoo-neo-9-pro-vs-realme-gt5-pro-8-gen-3-5.jpg.webp\" style=\"height:450px; width:600px\" /></p>\r\n\r\n<p><em>Camera</em></p>\r\n\r\n<p>Với hệ thống camera 50 MP, 50 MP v&agrave; 8 MP, Realme GT5 Pro cam kết cung cấp chất lượng h&igrave;nh ảnh cao v&agrave; tăng cường sự chi tiết cho mỗi bức ảnh. Ngo&agrave;i ra, camera trước của Realme GT5 Pro cũng c&oacute; khả năng quay video v&agrave; chụp ảnh tự sướng ở độ ph&acirc;n giải Full HD+, tuy nhi&ecirc;n, độ ph&acirc;n giải n&agrave;y chỉ bằng so với Vivo iQOO Neo 9 Pro.</p>\r\n\r\n<h3>Thiết kế</h3>\r\n\r\n<table>\r\n	<tbody>\r\n		<tr>\r\n			<td>&nbsp;</td>\r\n			<td>Realme GT5 Pro</td>\r\n			<td>Vivo iQOO Neo 9 Pro</td>\r\n		</tr>\r\n		<tr>\r\n			<td>Thiết kế</td>\r\n			<td>Khung phẳng<br />\r\n			M&agrave;n h&igrave;nh cong nhẹ<br />\r\n			Mặt lưng cong</td>\r\n			<td>Khung cong<br />\r\n			M&agrave;n h&igrave;nh cong nhẹ<br />\r\n			Mặt lưng cong</td>\r\n		</tr>\r\n		<tr>\r\n			<td>Chất liệu</td>\r\n			<td>Mặt lưng k&iacute;nh<br />\r\n			Mặt trước k&iacute;nh</td>\r\n			<td>Mặt lưng k&iacute;nh nh&aacute;m<br />\r\n			Mặt trước k&iacute;nh</td>\r\n		</tr>\r\n		<tr>\r\n			<td>Kh&aacute;ng nước,<br />\r\n			Bụi</td>\r\n			<td>Kh&ocirc;ng</td>\r\n			<td>Kh&ocirc;ng</td>\r\n		</tr>\r\n	</tbody>\r\n</table>\r\n\r\n<p>Cả hai chiếc điện thoại Realme GT5 Pro v&agrave; Vivo iQOO Neo 9 Pro đều c&oacute; thiết kế trẻ trung nhưng lại mang phong c&aacute;ch ri&ecirc;ng biệt. Vivo iQOO Neo 9 Pro c&oacute; m&agrave;n h&igrave;nh cong nhẹ 2.5D, trong khi Realme GT5 Pro c&oacute; m&agrave;n h&igrave;nh cong nhẹ v&agrave; cụm camera c&aacute; t&iacute;nh hơn nhiều. Về phần khung viền, chiếc Realme GT5 Pro mang lại cảm gi&aacute;c chắc chắn hơn với chất liệu kim loại cứng c&aacute;p. Tuy nhi&ecirc;n, Vivo iQOO Neo 9 Pro được đ&aacute;nh gi&aacute; k&eacute;m hơn một ch&uacute;t về ngoại h&igrave;nh, đặc biệt l&agrave; phần lưng, với vẻ đẹp v&agrave; chất lượng cao l&eacute;p vế so với Realme GT5 Pro - một chiếc điện thoại tầm trung của Realme lu&ocirc;n được đ&aacute;nh gi&aacute; cao về thẩm mỹ.</p>\r\n\r\n<p><img alt=\"Thiết kế\" src=\"https://cdn.mobilecity.vn/mobilecity-vn/images/2023/12/so-sanh-vivo-iqoo-neo-9-pro-vs-realme-gt5-pro-8-gen-3-1.jpg.webp\" style=\"height:450px; width:600px\" /></p>\r\n\r\n<p><em>Thiết kế</em></p>\r\n\r\n<h2>Kết luận</h2>\r\n\r\n<p>C&oacute; thể thấy mẫu Vivo iQOO Neo 9 Pro đ&atilde; thể hiện sức cạnh tranh cực mạnh d&ugrave; cho gi&aacute; b&aacute;n thấp hơn tới hơn 1 triệu đồng từ hiệu năng, thiết kế, sạc nhanh đều tương đương với đối thủ, thập tr&iacute; l&agrave; nhỉnh hơn đ&aacute;ng kể. Vấn đề chỉ nằm ở người d&ugrave;ng th&iacute;ch phong c&aacute;ch ngoại h&igrave;nh n&agrave;o, chipset tới từ thương hiệu n&agrave;o m&agrave; th&ocirc;i.</p>\r\n\r\n<p>Tr&ecirc;n đ&acirc;y l&agrave; b&agrave;i viết so s&aacute;nh Vivo iQOO Neo 9 Pro vs Realme GT5 Pro của MobileCity, bạn sẽ chọn mua mẫu điện thoại n&agrave;o?</p>\r\n', 'so-sanh-vivo-iqoo-neo-9-pro-vs-realme-gt5-pro-8-gen-3.jpg', '2023-12-30 10:05:31', 1, 1),
(11, 'Tin Khuyến Mãi 13-11-2023: Điện thoại Xiaomi, Realme giảm giá đến 500K', '<p>Điện thoại Xiaomi, Realme giảm gi&aacute; 500K từ ng&agrave;y 13/11 tại MobileCity. Hướng dẫn mua Xiaomi, Realme gi&aacute; rẻ, Bảo H&agrave;nh 12 th&aacute;ng, hỗ trợ trả g&oacute;p 0%.<a href=\"https://mobilecity.vn/tin-tuc/tin-khuyen-mai-13-11-2023-dien-thoai-xiaomi-realme-giam-gia-den-500k.html\" target=\"_blank\"><img alt=\"Tin Khuyến Mãi 13-11-2023: Điện thoại Xiaomi, Realme giảm giá đến 500K\" src=\"https://mobilecity.vn/px.gif?utm_source=dmca_copy&amp;utm_medium=Tin%20Khuy%E1%BA%BFn%20M%C3%A3i%2013-11-2023:%20%C4%90i%E1%BB%87n%20tho%E1%BA%A1i%20Xiaomi,%20Realme%20gi%E1%BA%A3m%20gi%C3%A1%20%C4%91%E1%BA%BFn%20500K&amp;utm_campaign=https://mobilecity.vn/tin-tuc/tin-khuyen-mai-13-11-2023-dien-thoai-xiaomi-realme-giam-gia-den-500k.html&amp;utm_content=%C4%90i%E1%BB%87n%20tho%E1%BA%A1i%20Xiaomi,%20Realme%20gi%E1%BA%A3m%20gi%C3%A1%20500K%20t%E1%BB%AB%20ng%C3%A0y%2013/11%20t%E1%BA%A1i%20MobileCity.%20H%C6%B0%E1%BB%9Bng%20d%E1%BA%ABn%20mua%20Xiaomi,%20Realme%20gi%C3%A1%20r%E1%BA%BB,%20B%E1%BA%A3o%20H%C3%A0nh%2012%20th%C3%A1ng,%20h%E1%BB%97%20tr%E1%BB%A3%20tr%E1%BA%A3%20g%C3%B3p%200%25.\" style=\"height:1px; width:1px\" /></a><a href=\"https://mobilecity.vn\" target=\"_blank\"><img alt=\"This article is referenced content from https://mobilecity.vn - Tin Khuyến Mãi 13-11-2023: Điện thoại Xiaomi, Realme giảm giá đến 500K\" src=\"https://mobilecity.vn/px.gif?utm_source=dmca_copy&amp;utm_medium=Tin%20Khuy%E1%BA%BFn%20M%C3%A3i%2013-11-2023:%20%C4%90i%E1%BB%87n%20tho%E1%BA%A1i%20Xiaomi,%20Realme%20gi%E1%BA%A3m%20gi%C3%A1%20%C4%91%E1%BA%BFn%20500K&amp;utm_campaign=https://mobilecity.vn/tin-tuc/tin-khuyen-mai-13-11-2023-dien-thoai-xiaomi-realme-giam-gia-den-500k.html&amp;utm_content=%C4%90i%E1%BB%87n%20tho%E1%BA%A1i%20Xiaomi,%20Realme%20gi%E1%BA%A3m%20gi%C3%A1%20500K%20t%E1%BB%AB%20ng%C3%A0y%2013/11%20t%E1%BA%A1i%20MobileCity.%20H%C6%B0%E1%BB%9Bng%20d%E1%BA%ABn%20mua%20Xiaomi,%20Realme%20gi%C3%A1%20r%E1%BA%BB,%20B%E1%BA%A3o%20H%C3%A0nh%2012%20th%C3%A1ng,%20h%E1%BB%97%20tr%E1%BB%A3%20tr%E1%BA%A3%20g%C3%B3p%200%25.\" style=\"height:1px; width:1px\" /></a></p>\r\n\r\n<h2>Danh s&aacute;ch điện thoại giảm gi&aacute;</h2>\r\n\r\n<p>Sau đ&acirc;y l&agrave; danh s&aacute;ch điện thoại giảm gi&aacute; từ ng&agrave;y 13/11. Số lượng m&aacute;y c&oacute; hạn, anh em đừng bỏ lỡ cơ hội mua h&agrave;ng với mức gi&aacute; cực hấp dẫn n&agrave;y nh&eacute;.</p>\r\n\r\n<h3>Xiaomi 13 8/128GB giảm 500.000</h3>\r\n\r\n<ul>\r\n	<li>M&agrave;u v&agrave;ng, xanh, đỏ: gi&aacute; cũ 11.750.000 - gi&aacute; mới&nbsp;10.250.000 ₫</li>\r\n	<li>M&agrave;u x&aacute;m, đen, trắng: 11.850.000 - gi&aacute; mới&nbsp;10.350.000 ₫</li>\r\n	<li>Bản 8/256GB hơn 1.000.000</li>\r\n</ul>\r\n\r\n<p><img alt=\"tin-khuyen-mai-13-11-2023-dien-thoai-xiaomi-realme-giam-gia-den-500k\" src=\"https://cdn.mobilecity.vn/mobilecity-vn/images/2023/11/tin-khuyen-mai-13-11-2023-dien-thoai-xiaomi-realme-giam-gia-den-500k.jpg.webp\" style=\"height:450px; width:600px\" /></p>\r\n\r\n<p><em>Xiaomi 13</em></p>\r\n\r\n<p>&rArr;&nbsp;<a href=\"https://mobilecity.vn/dien-thoai/xiaomi-13.html\" target=\"_blank\">Xiaomi 13</a></p>\r\n\r\n<h3>Realme GT Neo 5 8/256GB giảm 200.000</h3>\r\n\r\n<ul>\r\n	<li>M&agrave;u t&iacute;m: gi&aacute; cũ 6.750.000 - gi&aacute; mới&nbsp;6.750.000 ₫</li>\r\n	<li>M&agrave;u trắng, đen: gi&aacute; cũ 6.850.000 - gi&aacute; mới&nbsp;6.850.000 ₫</li>\r\n	<li>Bản 12/256GB hơn 400.000</li>\r\n</ul>\r\n\r\n<p><img alt=\"tin-khuyen-mai-13-11-2023-dien-thoai-xiaomi-realme-giam-gia-den-500k-1\" src=\"https://cdn.mobilecity.vn/mobilecity-vn/images/2023/11/tin-khuyen-mai-13-11-2023-dien-thoai-xiaomi-realme-giam-gia-den-500k-1.jpg.webp\" style=\"height:450px; width:600px\" /></p>\r\n\r\n<p><em>Realme GT Neo 5</em></p>\r\n', 'tin-khuyen-mai-13-11-2023-dien-thoai-xiaomi-realme-giam-gia-den-500k.jpg.webp', '2023-12-30 14:47:49', 1, 3);
INSERT INTO `tintuc` (`Matintuc`, `Tentintuc`, `Noidung`, `Anhtintuc`, `Thoigiandang`, `Mauser`, `Maloaitin`) VALUES
(12, 'Tin Khuyến Mãi 17-11-2023: Xiaomi Redmi K60 Ultra, K60 Pro giảm giá 200K', '<p>Điện thoại&nbsp;Redmi K60 Ultra, K60 Pro giảm gi&aacute; 200K từ ng&agrave;y 17/11 tại MobileCity. Hướng dẫn mua Xiaomi gi&aacute; rẻ, Bảo H&agrave;nh 12 th&aacute;ng, hỗ trợ trả g&oacute;p 0%.<a href=\"https://mobilecity.vn/tin-tuc/tin-khuyen-mai-17-11-2023-xiaomi-redmi-k60-ultra-k60-pro-giam-gia-200k.html\" target=\"_blank\"><img alt=\"Tin Khuyến Mãi 17-11-2023: Xiaomi Redmi K60 Ultra, K60 Pro giảm giá 200K\" src=\"https://mobilecity.vn/px.gif?utm_source=dmca_copy&amp;utm_medium=Tin%20Khuy%E1%BA%BFn%20M%C3%A3i%2017-11-2023:%20Xiaomi%20Redmi%20K60%20Ultra,%20K60%20Pro%20gi%E1%BA%A3m%20gi%C3%A1%20200K&amp;utm_campaign=https://mobilecity.vn/tin-tuc/tin-khuyen-mai-17-11-2023-xiaomi-redmi-k60-ultra-k60-pro-giam-gia-200k.html&amp;utm_content=%C4%90i%E1%BB%87n%20tho%E1%BA%A1i%C2%A0Xiaomi%20Redmi%20K60%20Ultra,%20K60%20Pro%20gi%E1%BA%A3m%20gi%C3%A1%20200K%20t%E1%BB%AB%20ng%C3%A0y%2017/11%20t%E1%BA%A1i%20MobileCity.%20H%C6%B0%E1%BB%9Bng%20d%E1%BA%ABn%20mua%20Xiaomi%20gi%C3%A1%20r%E1%BA%BB,%20B%E1%BA%A3o%20H%C3%A0nh%2012%20th%C3%A1ng,%20h%E1%BB%97%20tr%E1%BB%A3%20tr%E1%BA%A3%20g%C3%B3p%200%25.\" style=\"height:1px; width:1px\" /></a><a href=\"https://mobilecity.vn\" target=\"_blank\"><img alt=\"This article is referenced content from https://mobilecity.vn - Tin Khuyến Mãi 17-11-2023: Xiaomi Redmi K60 Ultra, K60 Pro giảm giá 200K\" src=\"https://mobilecity.vn/px.gif?utm_source=dmca_copy&amp;utm_medium=Tin%20Khuy%E1%BA%BFn%20M%C3%A3i%2017-11-2023:%20Xiaomi%20Redmi%20K60%20Ultra,%20K60%20Pro%20gi%E1%BA%A3m%20gi%C3%A1%20200K&amp;utm_campaign=https://mobilecity.vn/tin-tuc/tin-khuyen-mai-17-11-2023-xiaomi-redmi-k60-ultra-k60-pro-giam-gia-200k.html&amp;utm_content=%C4%90i%E1%BB%87n%20tho%E1%BA%A1i%C2%A0Xiaomi%20Redmi%20K60%20Ultra,%20K60%20Pro%20gi%E1%BA%A3m%20gi%C3%A1%20200K%20t%E1%BB%AB%20ng%C3%A0y%2017/11%20t%E1%BA%A1i%20MobileCity.%20H%C6%B0%E1%BB%9Bng%20d%E1%BA%ABn%20mua%20Xiaomi%20gi%C3%A1%20r%E1%BA%BB,%20B%E1%BA%A3o%20H%C3%A0nh%2012%20th%C3%A1ng,%20h%E1%BB%97%20tr%E1%BB%A3%20tr%E1%BA%A3%20g%C3%B3p%200%25.\" style=\"height:1px; width:1px\" /></a></p>\r\n\r\n<h2>Danh s&aacute;ch điện thoại giảm gi&aacute;</h2>\r\n\r\n<p>Sau đ&acirc;y l&agrave; danh s&aacute;ch điện thoại giảm gi&aacute; từ ng&agrave;y 17/11. Số lượng m&aacute;y c&oacute; hạn, anh em đừng bỏ lỡ cơ hội mua h&agrave;ng với mức gi&aacute; cực hấp dẫn n&agrave;y nh&eacute;.</p>\r\n\r\n<h3>Xiaomi Redmi K60 Ultra 12/256GB giảm 200.000</h3>\r\n\r\n<ul>\r\n	<li>Gi&aacute; cũ: 8.750.000 - gi&aacute; mới&nbsp;8.350.000 ₫</li>\r\n	<li>Bản 16/256GB hơn 500.000</li>\r\n</ul>\r\n\r\n<p><img alt=\"tin-khuyen-mai-17-11-2023-xiaomi-redmi-k60-ultra-k60-pro-giam-gia-200k\" src=\"https://cdn.mobilecity.vn/mobilecity-vn/images/2023/11/tin-khuyen-mai-17-11-2023-xiaomi-redmi-k60-ultra-k60-pro-giam-gia-200k.jpg.webp\" style=\"height:450px; width:600px\" /></p>\r\n\r\n<p><em>Xiaomi Redmi K60 Ultra</em></p>\r\n\r\n<p>&rArr;&nbsp;<a href=\"https://mobilecity.vn/dien-thoai/xiaomi-redmi-k60-ultra-cau-hinh-sieu-cao.html\" target=\"_blank\">Xiaomi Redmi K60 Ultra</a></p>\r\n\r\n<h3>Xiaomi Redmi K60 Pro 8/128GB giảm 200.000</h3>\r\n\r\n<ul>\r\n	<li>Gi&aacute; cũ: 9.150.000 - gi&aacute; mới&nbsp;Redmi K60 Pro&nbsp;8.950.000 ₫</li>\r\n	<li>Bản 8/256GB hơn 400.000&nbsp;</li>\r\n</ul>\r\n\r\n<p><img alt=\"tin-khuyen-mai-17-11-2023-xiaomi-redmi-k60-ultra-k60-pro-giam-gia-200k-1\" src=\"https://cdn.mobilecity.vn/mobilecity-vn/images/2023/11/tin-khuyen-mai-17-11-2023-xiaomi-redmi-k60-ultra-k60-pro-giam-gia-200k-1.jpg.webp\" style=\"height:450px; width:600px\" /></p>\r\n\r\n<p><em>Xiaomi Redmi K60 Pro</em></p>\r\n\r\n<p>&rArr;&nbsp;<a href=\"https://mobilecity.vn/dien-thoai/xiaomi-redmi-k60-pro.html\" target=\"_blank\">Xiaomi Redmi K60 Pro</a></p>\r\n', 'tin-khuyen-mai-17-11-2023-xiaomi-redmi-k60-ultra-k60-pro-giam-gia-200k.jpg.webp', '2023-12-13 14:49:03', 1, 3),
(13, 'Mở hộp Redmi K70E: Thiết kế mới cùng nhiều nâng cấp ấn tượng', '<p>C&ugrave;ng MobileCity <strong>mở hộp Redmi K70E</strong>, mẫu điện thoại tầm trung mới ra mắt c&aacute;ch đ&acirc;y chỉ một v&agrave;i ng&agrave;y nổi bật với gi&aacute; b&aacute;n dưới 7 triệu, hiệu năng mạnh ngang K60, m&agrave;n h&igrave;nh cao cấp, pin khủng v&agrave; sạc nhanh. Năm nay, Xiaomi c&oacute; thay đổi g&igrave; trong thiết kế th&acirc;n m&aacute;y, phụ kiện tặng k&egrave;m cũng như hộp sản phẩm? C&acirc;u trả lời sẽ được tiết lộ trong b&agrave;i viết&nbsp;<a href=\"https://mobilecity.vn/tin-tuc/mo-hop-redmi-k70e.html\" target=\"_blank\">mở hộp Redmi K70E</a> ngay dưới đ&acirc;y.</p>\r\n\r\n<h2>Mở hộp Redmi K70E</h2>\r\n\r\n<p>Chiếc <a href=\"https://mobilecity.vn/dien-thoai/xiaomi-redmi-k70e-gia-re.html\" target=\"_blank\">Redmi K70E</a> l&agrave; một trong ba mẫu điện thoại mới nhất của thương hiệu Redmi, nổi bật với gi&aacute; b&aacute;n cực rẻ, chỉ từ 6,8 triệu đồng. Nhưng hiệu năng cũng như c&aacute;c th&ocirc;ng số kh&aacute;c của&nbsp;Redmi K70E lại vượt xa tầm gi&aacute; của n&oacute;, v&agrave; l&agrave; những n&acirc;ng cấp đ&aacute;ng gi&aacute; hơn hẳn so với thế hệ tiền nhiệm. Dự kiến, trong thời gian tới, mẫu&nbsp;Redmi K70E l&agrave; cập bến thị trường Việt Nam dưới dạng h&agrave;ng x&aacute;ch tay v&agrave; c&ograve;n l&agrave;m mưa l&agrave;m gi&oacute; ở ph&acirc;n kh&uacute;c gi&aacute; 7 triệu đồng.<a href=\"https://mobilecity.vn/tin-tuc/mo-hop-redmi-k70e.html\" target=\"_blank\"><img alt=\"Mở hộp Redmi K70E: Thiết kế mới cùng nhiều nâng cấp ấn tượng\" src=\"https://mobilecity.vn/px.gif?utm_source=dmca_copy&amp;utm_medium=M%E1%BB%9F%20h%E1%BB%99p%20Redmi%20K70E:%20Thi%E1%BA%BFt%20k%E1%BA%BF%20m%E1%BB%9Bi%20c%C3%B9ng%20nhi%E1%BB%81u%20n%C3%A2ng%20c%E1%BA%A5p%20%E1%BA%A5n%20t%C6%B0%E1%BB%A3ng&amp;utm_campaign=https://mobilecity.vn/tin-tuc/mo-hop-redmi-k70e.html&amp;utm_content=C%C3%B9ng%20MobileCity%20m%E1%BB%9F%20h%E1%BB%99p%20Redmi%20K70E,%20m%E1%BA%ABu%20%C4%91i%E1%BB%87n%20tho%E1%BA%A1i%20t%E1%BA%A7m%20trung%20m%E1%BB%9Bi%20ra%20m%E1%BA%AFt%20c%C3%A1ch%20%C4%91%C3%A2y%20ch%E1%BB%89%20m%E1%BB%99t%20v%C3%A0i%20ng%C3%A0y%20n%E1%BB%95i%20b%E1%BA%ADt%20v%E1%BB%9Bi%20gi%C3%A1%20b%C3%A1n%20d%C6%B0%E1%BB%9Bi%207%20tri%E1%BB%87u,%20hi%E1%BB%87u%20n%C4%83ng%20m%E1%BA%A1nh%20ngang%20K60.\" style=\"height:1px; width:1px\" /></a><a href=\"https://mobilecity.vn\" target=\"_blank\"><img alt=\"This article is referenced content from https://mobilecity.vn - Mở hộp Redmi K70E: Thiết kế mới cùng nhiều nâng cấp ấn tượng\" src=\"https://mobilecity.vn/px.gif?utm_source=dmca_copy&amp;utm_medium=M%E1%BB%9F%20h%E1%BB%99p%20Redmi%20K70E:%20Thi%E1%BA%BFt%20k%E1%BA%BF%20m%E1%BB%9Bi%20c%C3%B9ng%20nhi%E1%BB%81u%20n%C3%A2ng%20c%E1%BA%A5p%20%E1%BA%A5n%20t%C6%B0%E1%BB%A3ng&amp;utm_campaign=https://mobilecity.vn/tin-tuc/mo-hop-redmi-k70e.html&amp;utm_content=C%C3%B9ng%20MobileCity%20m%E1%BB%9F%20h%E1%BB%99p%20Redmi%20K70E,%20m%E1%BA%ABu%20%C4%91i%E1%BB%87n%20tho%E1%BA%A1i%20t%E1%BA%A7m%20trung%20m%E1%BB%9Bi%20ra%20m%E1%BA%AFt%20c%C3%A1ch%20%C4%91%C3%A2y%20ch%E1%BB%89%20m%E1%BB%99t%20v%C3%A0i%20ng%C3%A0y%20n%E1%BB%95i%20b%E1%BA%ADt%20v%E1%BB%9Bi%20gi%C3%A1%20b%C3%A1n%20d%C6%B0%E1%BB%9Bi%207%20tri%E1%BB%87u,%20hi%E1%BB%87u%20n%C4%83ng%20m%E1%BA%A1nh%20ngang%20K60.\" style=\"height:1px; width:1px\" /></a></p>\r\n\r\n<h3>Hộp v&agrave; phụ kiện</h3>\r\n\r\n<p>Giống như c&aacute;c phi&ecirc;n bản trước đ&oacute;, hộp của Redmi K70E c&oacute; thiết kế đen với t&ecirc;n m&aacute;y được in m&agrave;u v&agrave;ng nổi bật. Th&ocirc;ng tin cơ bản như cấu h&igrave;nh v&agrave; m&agrave;u sắc được đặt ở cạnh hộp. Thiết kế hộp kh&ocirc;ng c&oacute; nhiều thay đổi, nhưng vẫn đơn giản, cao cấp v&agrave; sang trọng.</p>\r\n\r\n<p><img alt=\"Hộp và phụ kiện\" src=\"https://cdn.mobilecity.vn/mobilecity-vn/images/2023/12/mo-hop-redmi-k70e-2.jpg.webp\" style=\"height:450px; width:600px\" /></p>\r\n\r\n<p><em>Hộp v&agrave; phụ kiện</em></p>\r\n\r\n<p>B&ecirc;n trong hộp đựng điện thoại sẽ bao gồm c&aacute;c phụ kiện đi k&egrave;m như: Củ sạc 90W, c&aacute;p sạc, ốp lưng&nbsp;silicon m&agrave;u đen, que chọc thẻ SIM v&agrave; s&aacute;ch hướng dẫn sử dụng.</p>\r\n\r\n<h3>Thiết kế của Redmi K70E</h3>\r\n\r\n<p>Đối với c&aacute;c sản phẩm trong năm nay, Redmi K70E mang đến thiết kế sang trọng v&agrave; cao cấp với một loạt m&agrave;u sắc đa dạng. Đặc biệt, khung m&aacute;y đ&atilde; được n&acirc;ng cấp l&ecirc;n từ hợp kim nhựa với độ b&oacute;ng cao, v&agrave; m&aacute;y c&oacute; chiều rộng mỏng chỉ 8,1 mm, gần như l&agrave; khung mỏng nhất trong d&ograve;ng điện thoại di động K series từ trước đến nay.</p>\r\n\r\n<p><img alt=\"Hộp đựng điện thoại\" src=\"https://cdn.mobilecity.vn/mobilecity-vn/images/2023/12/mo-hop-redmi-k70e-6.jpg.webp\" style=\"height:450px; width:600px\" /></p>\r\n\r\n<p><em>Hộp đựng điện thoại</em></p>\r\n\r\n<p>Redmi K70E sử dụng thiết kế khung vu&ocirc;ng g&oacute;c, c&oacute; thể tăng trải nghiệm h&igrave;nh ảnh trực quan. Mặt sau của điện thoại được thiết kế bốn chiều, gi&uacute;p th&acirc;n m&aacute;y tr&ocirc;ng đơn giản v&agrave; cứng c&aacute;p hơn. Thiết kế m&agrave;n h&igrave;nh phẳng mang lại cảm gi&aacute;c mềm mại, nhẹ nh&agrave;ng v&agrave; thoải m&aacute;i khi cầm nắm.</p>\r\n\r\n<p>Mặt sau của chiếc điện thoại được l&agrave;m bằng chất liệu mờ, mang lại cảm gi&aacute;c vừa vặn v&agrave; chắc chắn khi cầm, đồng thời gi&uacute;p hạn chế b&aacute;m v&acirc;n tay v&agrave; bụi bẩn. Điểm nổi bật l&agrave; m&ocirc;-đun camera h&igrave;nh chữ nhật với 3 camera v&agrave; đ&egrave;n flash trợ s&aacute;ng, kết hợp với logo thương hiệu Redmi ở ph&iacute;a dưới, tạo n&ecirc;n vẻ đơn giản v&agrave; trang nh&atilde;.</p>\r\n\r\n<p><img alt=\"Thiết kế của Redmi K70E\" src=\"https://cdn.mobilecity.vn/mobilecity-vn/images/2023/12/mo-hop-redmi-k70e-4.jpg.webp\" style=\"height:450px; width:600px\" /></p>\r\n\r\n<p><em>Thiết kế của Redmi K70E</em></p>\r\n\r\n<p>So s&aacute;nh với K60E, phi&ecirc;n bản K70E năm nay được trang bị cảm biến ch&iacute;nh c&oacute; độ ph&acirc;n giải 64 MP, cung cấp c&ocirc;ng nghệ chống rung quang học OIS gi&uacute;p chụp ảnh v&agrave; quay phim đ&ecirc;m một c&aacute;ch mượt m&agrave; v&agrave; ổn định. Ngo&agrave;i ra, đi k&egrave;m với đ&oacute; l&agrave; ống k&iacute;nh g&oacute;c si&ecirc;u rộng 8MP v&agrave; macro 2MP. B&ecirc;n cạnh đ&oacute;, c&ograve;n c&oacute; ống k&iacute;nh g&oacute;c si&ecirc;u rộng 12MP gi&uacute;p người d&ugrave;ng dễ d&agrave;ng chụp lại cảnh quan mở rộng v&agrave; c&aacute;c bức ảnh nh&oacute;m chất lượng cao.</p>\r\n\r\n<p>Redmi K70E lần n&agrave;y kh&ocirc;ng chỉ c&oacute; khung m&agrave;n h&igrave;nh mỏng hơn m&agrave; c&ograve;n được trang bị thiết kế tr&agrave;n viền, tạo ra kh&ocirc;ng gian sử dụng rộng r&atilde;i v&agrave; hấp dẫn hơn. Với m&agrave;n h&igrave;nh OLED v&agrave; độ s&acirc;u m&agrave;u 12 bit, Xiaomi K70E mang đến khả năng hiển thị m&agrave;u sắc sống động v&agrave; ch&acirc;n thực.</p>\r\n\r\n<p><img alt=\"Redmi K70E lần này có khung màn hình mỏng hơn\" src=\"https://cdn.mobilecity.vn/mobilecity-vn/images/2023/12/mo-hop-redmi-k70e-1.jpg.webp\" style=\"height:450px; width:600px\" /></p>\r\n\r\n<p><em>Redmi K70E lần n&agrave;y c&oacute; khung m&agrave;n h&igrave;nh mỏng hơn</em></p>\r\n\r\n<p>M&agrave;n h&igrave;nh điện thoại c&oacute; t&iacute;ch hợp c&ocirc;ng nghệ Dolby Vision v&agrave; HDR10+ cao cấp, cho ph&eacute;p người d&ugrave;ng trải nghiệm h&igrave;nh ảnh với độ tương phản cao v&agrave; m&agrave;u sắc tuyệt đẹp. K&iacute;ch thước m&agrave;n h&igrave;nh lớn l&agrave; 6.67 inch v&agrave; độ ph&acirc;n giải 1.5K (1.220 x 2.712 pixels), mang lại h&igrave;nh ảnh v&agrave; nội dung hiển thị r&otilde; n&eacute;t v&agrave; đẹp mắt.</p>\r\n\r\n<p><img alt=\"Cụm 3 camera của của Redmi K70E\" src=\"https://cdn.mobilecity.vn/mobilecity-vn/images/2023/12/mo-hop-redmi-k70e-5.jpg.webp\" style=\"height:450px; width:600px\" /></p>\r\n\r\n<p><em>Cụm 3 camera của của Redmi K70E</em></p>\r\n\r\n<p>Kh&ocirc;ng những thế, m&agrave;n h&igrave;nh của Redmi K70E c&ograve;n c&oacute; thể đạt độ s&aacute;ng tối đa l&ecirc;n đến 4.000 nit, phục vụ cho việc sử dụng trong mọi điều kiện &aacute;nh s&aacute;ng mạnh m&agrave; kh&ocirc;ng gặp kh&oacute; khăn. Đồng thời, tốc độ l&agrave;m mới 120Hz cũng đảm bảo rằng mọi t&aacute;c vụ của người d&ugrave;ng được thực hiện một c&aacute;ch mượt m&agrave; v&agrave; nhanh nhạy. M&aacute;y cũng được trang bị cảm biến v&acirc;n tay tr&ecirc;n m&agrave;n h&igrave;nh để đảm bảo t&iacute;nh bảo mật v&agrave; mở kh&oacute;a dễ d&agrave;ng.</p>\r\n\r\n<p>Tương tự như K60E thế hệ trước, n&uacute;t nguồn v&agrave; n&uacute;t điều chỉnh &acirc;m lượng được đặt ở ph&iacute;a b&ecirc;n phải của điện thoại. Nếu nh&igrave;n tổng quan, cả ph&iacute;a tr&ecirc;n v&agrave; ph&iacute;a dưới đều c&oacute; cổng USB-C th&ocirc;ng thường, loa, khe cắm thẻ SIM v&agrave; ph&iacute;a tr&ecirc;n c&ograve;n c&oacute; cổng hồng ngoại.</p>\r\n\r\n<h2>Th&ocirc;ng số kỹ thuật của Redmi K70E</h2>\r\n\r\n<p>Xiaomi Redmi K70E l&agrave; một chiếc điện thoại th&ocirc;ng minh kh&ocirc;ng chỉ c&oacute; thiết kế cao cấp, tinh tế v&agrave; sang trọng, m&agrave; c&ograve;n c&oacute; những t&iacute;nh năng hấp dẫn v&agrave; ấn tượng để đ&aacute;p ứng nhu cầu giải tr&iacute; v&agrave; chơi game của người d&ugrave;ng. Điện thoại n&agrave;y được trang bị bộ vi xử l&yacute; Dimensity 8300 Ultra (4 nm) mạnh mẽ từ MediaTek, pin dung lượng lớn v&agrave; t&iacute;nh năng sạc nhanh,...</p>\r\n\r\n<p>Để h&igrave;nh dung r&otilde; hơn về c&aacute;c th&ocirc;ng tin cơ bản của thiết bị, h&atilde;y c&ugrave;ng theo d&otilde;i bảng th&ocirc;ng số kỹ thuật của&nbsp;Xiaomi Redmi K70E ngay sau đ&acirc;y.</p>\r\n\r\n<table>\r\n	<tbody>\r\n		<tr>\r\n			<td>Ti&ecirc;u ch&iacute;</td>\r\n			<td>Xiaomi Redmi K70E</td>\r\n		</tr>\r\n		<tr>\r\n			<td>K&iacute;ch thước</td>\r\n			<td>160.5 x 74.3 x 8.1 mm<br />\r\n			209 g</td>\r\n		</tr>\r\n		<tr>\r\n			<td>Vi xử l&yacute;</td>\r\n			<td>Dimensity 8300 Ultra (4 nm)<br />\r\n			8 nh&acirc;n ( tối đa 3.3 GHz)<br />\r\n			GPU: Mali G615-MC6</td>\r\n		</tr>\r\n		<tr>\r\n			<td>Bộ nhớ</td>\r\n			<td>RAM:&nbsp;12GB - 16GB, LPDDR5X<br />\r\n			ROM:&nbsp;256GB - 1TB, UFS 4.0</td>\r\n		</tr>\r\n		<tr>\r\n			<td>M&agrave;n h&igrave;nh</td>\r\n			<td>OLED, 68 tỷ m&agrave;u, 120Hz, Dolby Vision, HDR10+, 4000 nits (tối đa)<br />\r\n			6.67 inches, 1.5K (1.220 x 2.712 pixels)<br />\r\n			Tỷ lệ 20:9, mật độ điểm ảnh ~446ppi</td>\r\n		</tr>\r\n		<tr>\r\n			<td>Camera sau</td>\r\n			<td>64 MP, f/1.6 (g&oacute;c rộng), PDAF, OIS<br />\r\n			8 MP, 120˚, (ultrawide)<br />\r\n			2 MP, (macro)4K@24/30fps, 1080p@30/60/120/240/960fps, 720p@1920fps, gyro-EIS</td>\r\n		</tr>\r\n		<tr>\r\n			<td>Camera trước</td>\r\n			<td>16 MP (g&oacute;c rộng), HDR<br />\r\n			Quay phim: 1080p@30/60fps, gyro-EIS</td>\r\n		</tr>\r\n		<tr>\r\n			<td>Pin v&agrave; sạc</td>\r\n			<td>Li-Po 5.500 mAh<br />\r\n			Sạc nhanh 90W, PD3.0, QC3+<br />\r\n			Sạc 100% pin trong 25 ph&uacute;t</td>\r\n		</tr>\r\n		<tr>\r\n			<td>Hệ điều h&agrave;nh</td>\r\n			<td>Android 14, HyperOS 1.0</td>\r\n		</tr>\r\n	</tbody>\r\n</table>\r\n\r\n<h2>Redmi K70E gi&aacute; bao nhi&ecirc;u tiền?</h2>\r\n\r\n<p>Mẫu điện thoại&nbsp;Xiaomi Redmi K70E c&oacute; mức gi&aacute; khởi điểm từ 1.999 NDT (khoảng 6,8 triệu đồng). Ngo&agrave;i ra, h&atilde;ng c&ograve;n bổ sung 3 phi&ecirc;n bản bộ nhớ với gi&aacute; b&aacute;n cụ thể như sau:</p>\r\n\r\n<table>\r\n	<tbody>\r\n		<tr>\r\n			<td>Bộ nhớ</td>\r\n			<td>Redmi K70E</td>\r\n		</tr>\r\n		<tr>\r\n			<td>12-256 GB</td>\r\n			<td>6,8 triệu</td>\r\n		</tr>\r\n		<tr>\r\n			<td>12-256 GB</td>\r\n			<td>7,5 triệu</td>\r\n		</tr>\r\n		<tr>\r\n			<td>12-256 GB</td>\r\n			<td>8,9 triệu</td>\r\n		</tr>\r\n	</tbody>\r\n</table>\r\n\r\n<p>Tr&ecirc;n đ&acirc;y l&agrave; to&agrave;n bộ những h&igrave;nh ảnh mở hộp Redmi K70E mới nhất m&agrave; c&aacute;c bạn c&oacute; thể tham khảo v&agrave; lựa chọn. Cảm ơn mọi người đ&atilde; quan t&acirc;m v&agrave; theo d&otilde;i b&agrave;i viết của ch&uacute;ng t&ocirc;i.</p>\r\n', 'mo-hop-redmi-k70e.jpg.webp', '2023-12-31 11:46:51', 1, 2),
(14, 'Mở hộp Nubia Z60 Ultra: Màn hình tràn viền, camera quay video 8K', '<p>C&ugrave;ng MobileCity <strong>mở hộp Nubia Z60 Ultra</strong>,&nbsp;mẫu Ultra thứ hai của ZTE trong năm 2023 sở hữu thiết kế vu&ocirc;ng vức, ấn tượng. Ngay tại thời điểm mới ra mắt, thiết bị đ&atilde; nhận được sự quan t&acirc;m ch&uacute; &yacute; của đ&ocirc;ng đảo c&aacute;c t&iacute;n đồ c&ocirc;ng nghệ nhờ những n&acirc;ng cấp, thay đổi đ&aacute;ng kể, hứa hẹn sẽ mang đến những trải nghiệm mới mẻ, độc đ&aacute;o cho người d&ugrave;ng.<a href=\"https://mobilecity.vn/tin-tuc/mo-hop-nubia-z60-ultra-man-hinh-tran-vien-camera-quay-8k.html\" target=\"_blank\"><img alt=\"Mở hộp Nubia Z60 Ultra: Màn hình tràn viền, camera quay video 8K\" src=\"https://mobilecity.vn/px.gif?utm_source=dmca_copy&amp;utm_medium=M%E1%BB%9F%20h%E1%BB%99p%20Nubia%20Z60%20Ultra:%20M%C3%A0n%20h%C3%ACnh%20tr%C3%A0n%20vi%E1%BB%81n,%20camera%20quay%20video%208K&amp;utm_campaign=https://mobilecity.vn/tin-tuc/mo-hop-nubia-z60-ultra-man-hinh-tran-vien-camera-quay-8k.html&amp;utm_content=Nubia%20Z60%20Ultra%20l%C3%A0%C2%A0m%E1%BA%ABu%20Ultra%20th%E1%BB%A9%20hai%20c%E1%BB%A7a%20ZTE%20trong%20n%C4%83m%202023%20s%E1%BB%9F%20h%E1%BB%AFu%20thi%E1%BA%BFt%20k%E1%BA%BF%20vu%C3%B4ng%20v%E1%BB%A9c,%20%E1%BA%A5n%20t%C6%B0%E1%BB%A3ng.%20C%C3%B9ng%20chi%C3%AAm%20ng%C6%B0%E1%BB%A1ng%20h%C3%ACnh%20%E1%BA%A3nh%20m%E1%BB%9F%20h%E1%BB%99p%20Nubia%20Z60%20Ultra%20ngay%20sau%20%C4%91%C3%A2y%20nh%C3%A9.\" style=\"height:1px; width:1px\" /></a><a href=\"https://mobilecity.vn\" target=\"_blank\"><img alt=\"This article is referenced content from https://mobilecity.vn - Mở hộp Nubia Z60 Ultra: Màn hình tràn viền, camera quay video 8K\" src=\"https://mobilecity.vn/px.gif?utm_source=dmca_copy&amp;utm_medium=M%E1%BB%9F%20h%E1%BB%99p%20Nubia%20Z60%20Ultra:%20M%C3%A0n%20h%C3%ACnh%20tr%C3%A0n%20vi%E1%BB%81n,%20camera%20quay%20video%208K&amp;utm_campaign=https://mobilecity.vn/tin-tuc/mo-hop-nubia-z60-ultra-man-hinh-tran-vien-camera-quay-8k.html&amp;utm_content=Nubia%20Z60%20Ultra%20l%C3%A0%C2%A0m%E1%BA%ABu%20Ultra%20th%E1%BB%A9%20hai%20c%E1%BB%A7a%20ZTE%20trong%20n%C4%83m%202023%20s%E1%BB%9F%20h%E1%BB%AFu%20thi%E1%BA%BFt%20k%E1%BA%BF%20vu%C3%B4ng%20v%E1%BB%A9c,%20%E1%BA%A5n%20t%C6%B0%E1%BB%A3ng.%20C%C3%B9ng%20chi%C3%AAm%20ng%C6%B0%E1%BB%A1ng%20h%C3%ACnh%20%E1%BA%A3nh%20m%E1%BB%9F%20h%E1%BB%99p%20Nubia%20Z60%20Ultra%20ngay%20sau%20%C4%91%C3%A2y%20nh%C3%A9.\" style=\"height:1px; width:1px\" /></a></p>\r\n\r\n<p>Kh&ocirc;ng để mọi người phải chờ l&acirc;u hơn nữa, ngay b&acirc;y giờ ch&uacute;ng t&ocirc;i sẽ <a href=\"https://mobilecity.vn/tin-tuc/mo-hop-nubia-z60-ultra-man-hinh-tran-vien-camera-quay-8k.html\" target=\"_blank\">mở hộp&nbsp;Nubia Z60 Ultra</a> v&agrave; chi&ecirc;m ngưỡng những h&igrave;nh ảnh trực quan nhất nh&eacute;.</p>\r\n\r\n<h2>Mở hộp Nubia Z60 Ultra</h2>\r\n\r\n<p>Si&ecirc;u phẩm <a href=\"https://mobilecity.vn/dien-thoai/zte-nubia-z60-ultra-cao-cap-hang-dau.html\" target=\"_blank\">ZTE Nubia Z60 Ultra 5G</a> l&agrave; mẫu điện thoại h&agrave;ng đầu của thương hiệu ZTE, được ra mắt v&agrave;o ng&agrave;y 19/12/2023. Hiện d&ograve;ng m&aacute;y n&agrave;y đ&atilde; c&oacute; sẵn tại hệ thống c&aacute;c cửa h&agrave;nh của MobileCity tr&ecirc;n to&agrave;n quốc với gi&aacute; b&aacute;n cực kỳ hợp l&yacute; đi k&egrave;m với nhiều ưu đ&atilde;i hấp dẫn đặc biệt d&agrave;nh cho kh&aacute;ch h&agrave;ng.<a href=\"https://mobilecity.vn/tin-tuc/mo-hop-nubia-z60-ultra-man-hinh-tran-vien-camera-quay-8k.html\" target=\"_blank\"><img alt=\"Mở hộp Nubia Z60 Ultra: Màn hình tràn viền, camera quay video 8K\" src=\"https://mobilecity.vn/px.gif?utm_source=dmca_copy&amp;utm_medium=M%E1%BB%9F%20h%E1%BB%99p%20Nubia%20Z60%20Ultra:%20M%C3%A0n%20h%C3%ACnh%20tr%C3%A0n%20vi%E1%BB%81n,%20camera%20quay%20video%208K&amp;utm_campaign=https://mobilecity.vn/tin-tuc/mo-hop-nubia-z60-ultra-man-hinh-tran-vien-camera-quay-8k.html&amp;utm_content=Nubia%20Z60%20Ultra%20l%C3%A0%C2%A0m%E1%BA%ABu%20Ultra%20th%E1%BB%A9%20hai%20c%E1%BB%A7a%20ZTE%20trong%20n%C4%83m%202023%20s%E1%BB%9F%20h%E1%BB%AFu%20thi%E1%BA%BFt%20k%E1%BA%BF%20vu%C3%B4ng%20v%E1%BB%A9c,%20%E1%BA%A5n%20t%C6%B0%E1%BB%A3ng.%20C%C3%B9ng%20chi%C3%AAm%20ng%C6%B0%E1%BB%A1ng%20h%C3%ACnh%20%E1%BA%A3nh%20m%E1%BB%9F%20h%E1%BB%99p%20Nubia%20Z60%20Ultra%20ngay%20sau%20%C4%91%C3%A2y%20nh%C3%A9.\" style=\"height:1px; width:1px\" /></a><a href=\"https://mobilecity.vn\" target=\"_blank\"><img alt=\"This article is referenced content from https://mobilecity.vn - Mở hộp Nubia Z60 Ultra: Màn hình tràn viền, camera quay video 8K\" src=\"https://mobilecity.vn/px.gif?utm_source=dmca_copy&amp;utm_medium=M%E1%BB%9F%20h%E1%BB%99p%20Nubia%20Z60%20Ultra:%20M%C3%A0n%20h%C3%ACnh%20tr%C3%A0n%20vi%E1%BB%81n,%20camera%20quay%20video%208K&amp;utm_campaign=https://mobilecity.vn/tin-tuc/mo-hop-nubia-z60-ultra-man-hinh-tran-vien-camera-quay-8k.html&amp;utm_content=Nubia%20Z60%20Ultra%20l%C3%A0%C2%A0m%E1%BA%ABu%20Ultra%20th%E1%BB%A9%20hai%20c%E1%BB%A7a%20ZTE%20trong%20n%C4%83m%202023%20s%E1%BB%9F%20h%E1%BB%AFu%20thi%E1%BA%BFt%20k%E1%BA%BF%20vu%C3%B4ng%20v%E1%BB%A9c,%20%E1%BA%A5n%20t%C6%B0%E1%BB%A3ng.%20C%C3%B9ng%20chi%C3%AAm%20ng%C6%B0%E1%BB%A1ng%20h%C3%ACnh%20%E1%BA%A3nh%20m%E1%BB%9F%20h%E1%BB%99p%20Nubia%20Z60%20Ultra%20ngay%20sau%20%C4%91%C3%A2y%20nh%C3%A9.\" style=\"height:1px; width:1px\" /></a></p>\r\n\r\n<p><img alt=\"mo-hop-dien-thoai-nubia-z60-ultra\" src=\"https://cdn.mobilecity.vn/mobilecity-vn/images/2023/12/mo-hop-dien-thoai-nubia-z60-ultra.jpg.webp\" style=\"height:450px; width:600px\" /></p>\r\n\r\n<p><em>Mở hộp điện thoại Nubia Z60 Ultra</em></p>\r\n\r\n<p>Chắc hẳn c&aacute;c bạn đang rất mong chờ để được ngắm nh&igrave;n những h&igrave;nh ảnh cận cảnh nhất của chiếc smartphone&nbsp;Z60 Ultra n&agrave;y đ&uacute;ng kh&ocirc;ng? Ngay b&acirc;y giờ, ch&uacute;ng t&ocirc;i sẽ chia sẻ cho mọi người những h&igrave;nh ảnh mở hộp điện thoại mới nhất của&nbsp;Nubia Z60 Ultra nh&eacute;.</p>\r\n\r\n<h3>Hộp v&agrave; phụ kiện</h3>\r\n\r\n<p>Vỏ hộp điện thoại&nbsp;Nubia Z60 Ultra được thiết kế với t&ocirc;ng m&agrave;u đen x&aacute;m kết hợp với m&agrave;u đỏ đặc trưng của h&atilde;ng. Trong đ&oacute;, t&ecirc;n sản phẩm được in tr&ecirc;n nắp hộp đựng với điểm nhấn l&agrave; số 0 m&agrave;u đỏ. Đ&acirc;y cũng ch&iacute;nh l&agrave; biểu tượng cho m&ocirc;-đun camera ch&iacute;nh ở mặt lưng của điện thoại. C&oacute; thể thấy, phần bao b&igrave; của m&aacute;y được thiết kế v&ocirc; c&ugrave;ng tinh tế, tối giản những vẫn to&aacute;t l&ecirc;n vẻ đẳng cấp, thời thượng.</p>\r\n\r\n<p><img alt=\"mo-hop-nubia-z60-ultra-hop\" src=\"https://cdn.mobilecity.vn/mobilecity-vn/images/2023/12/mo-hop-nubia-z60-ultra-hop.jpg.webp\" style=\"height:450px; width:600px\" /></p>\r\n\r\n<p><em>Hộp đựng điện thoại</em></p>\r\n\r\n<p>Ngo&agrave;i điện thoại, hộp đựng của Nubia Z60 Ultra c&ograve;n chứa bộ sạc nhanh 80W, ốp điện thoại silicon trong suốt v&agrave; s&aacute;ch hướng dẫn sử dụng.</p>\r\n\r\n<p><img alt=\"mo-hop-nubia-z60-ultra-phu-kien\" src=\"https://cdn.mobilecity.vn/mobilecity-vn/images/2023/12/mo-hop-nubia-z60-ultra-phu-kien.jpg.webp\" style=\"height:450px; width:600px\" /></p>\r\n\r\n<p><em>Bộ phụ kiện trong hộp điện thoại</em></p>\r\n\r\n<h3>Thiết kế của Nubia Z60 Ultra</h3>\r\n\r\n<p>Sản phẩm&nbsp;Nubia Z60 Ultra kế thừa thiết kế từ thế hệ trước với h&igrave;nh d&aacute;ng vu&ocirc;ng vức, tối giản, mang đến vẻ ngo&agrave;i hiện đại, đẹp mắt, tuy nhi&ecirc;n, khi cần nắm tr&ecirc;n tay trong thời gian d&agrave;i, mọi người sẽ c&oacute; cảm gi&aacute;c bị cấn tay. Đặc biệt, sản phẩm được t&iacute;ch hợp chuẩn kh&aacute;ng nước, bụi IP68.</p>\r\n\r\n<p>Nubia Z60 Ultra kh&ocirc;ng chỉ kế thừa thiết kế vu&ocirc;ng vức v&agrave; tối giản từ thế hệ trước, m&agrave; c&ograve;n mang đến vẻ ngo&agrave;i hiện đại v&agrave; đẹp mắt. Tuy nhi&ecirc;n, với thiết kế n&agrave;y, điện thoại c&oacute; thể g&acirc;y cảm gi&aacute;c cấn tay khi cầm nắm trong thời gian d&agrave;i. Đặc biệt, m&aacute;y c&ograve;n được&nbsp;t&iacute;ch hợp chuẩn kh&aacute;ng nước, bụi IP68,&nbsp;cung cấp độ bảo vệ tốt hơn, gi&uacute;p người d&ugrave;ng c&oacute; thể thoải m&aacute;i sử dụng trong c&aacute;c điều kiện khắc nghiệt.</p>\r\n\r\n<p><img alt=\"mo-hop-nubia-z60-ultra-thiet-ke\" src=\"https://cdn.mobilecity.vn/mobilecity-vn/images/2023/12/mo-hop-nubia-z60-ultra-thiet-ke.jpg.webp\" style=\"height:450px; width:600px\" /></p>\r\n\r\n<p><em>Thiết kế vu&ocirc;ng vức, ấn tượng</em></p>\r\n\r\n<p>Về m&agrave;u m&agrave;u sắc, điện thoại được cung cấp 2 t&ugrave;y chọn m&agrave;u sắc cơ bản l&agrave; Đen x&aacute;m v&agrave; Trắng kem. Tuy nhi&ecirc;n, h&atilde;ng cũng đ&atilde; tung ra một phi&ecirc;n bản đặc biệt được lấy cảm hứng từ bức tranh Đ&ecirc;m đầy sao của họa sỹ thi&ecirc;n t&agrave;i Vincent van Gogh từ H&agrave; Lan, mang đến một trải nghiệm độc đ&aacute;o v&agrave; mang t&iacute;nh nghệ thuật cao, l&agrave;m h&agrave;i l&ograve;ng những người y&ecirc;u th&iacute;ch sự s&aacute;ng tạo v&agrave; nghệ thuật.</p>\r\n\r\n<p><img alt=\"mo-hop-nubia-z60-ultra-mau-sac\" src=\"https://cdn.mobilecity.vn/mobilecity-vn/images/2023/12/mo-hop-nubia-z60-ultra-mau-sac.jpg.webp\" style=\"height:450px; width:600px\" /></p>\r\n\r\n<p><em>3 phi&ecirc;n bản m&agrave;u sắc</em></p>\r\n\r\n<p>Mặt trước của điện thoại l&agrave; m&agrave;n h&igrave;nh tr&agrave;n viền 100% với c&aacute;c cảm biến v&acirc;n tay v&agrave;&nbsp;camera selfie được đặt ẩn dưới tấm nền m&agrave;n h&igrave;nh. Ngo&agrave;i ra,&nbsp;Z60 Ultra c&ograve;n được trang bị tấm nền AMOLED&nbsp;1 tỷ m&agrave;u, c&oacute; k&iacute;ch thước lớn&nbsp;6.8 inch, hỗ trợ độ ph&acirc;n giải&nbsp;Full HD+ c&ugrave;ng với tần số qu&eacute;t 120Hz v&agrave; độ s&aacute;ng tối đa l&ecirc;n đến 1500 nits, cho&nbsp;trải nghiệm hiển thị mượt m&agrave;, sống động v&agrave; sắc n&eacute;t.</p>\r\n\r\n<p><img alt=\"mo-hop-nubia-z60-ultra-man-hinh\" src=\"https://cdn.mobilecity.vn/mobilecity-vn/images/2023/12/mo-hop-nubia-z60-ultra-man-hinh.jpg.webp\" style=\"height:450px; width:600px\" /></p>\r\n\r\n<p><em>M&agrave;n h&igrave;nh tr&agrave;n viền Full HD+ sắc n&eacute;t</em></p>\r\n\r\n<p>Trong khi đ&oacute;, mặt sau của Z60 Ultra kế thừa thiết kế mang phong c&aacute;ch truyền thống của d&ograve;ng Ultra, mặt sau th&acirc;n m&aacute;y được l&agrave;m bằng k&iacute;nh c&aacute;t flash AG, với h&agrave;ng triệu cấu tr&uacute;c tinh thể cấp micron được gắn tr&ecirc;n bề mặt, tạo cho điện thoại một m&agrave;u bạc chảy kết cấu kim loại.</p>\r\n\r\n<p>Nổi bật ở mặt sau thiết bị l&agrave; 3 m&ocirc;-đun camera khổng lồ, &aacute;p dụng thiết kế camera sau kh&ocirc;ng viền đầu ti&ecirc;n trong ng&agrave;nh, khu vực chức năng chụp ảnh k&eacute;o d&agrave;i đến tận m&eacute;p điện thoại, mang đến cho người d&ugrave;ng cảm gi&aacute;c v&ocirc; cực. Trong đ&oacute;, camera ch&iacute;nh được thiết kế v&ograve;ng tr&ograve;n m&agrave;u đỏ cổ điển, tạo điểm nhấn v&agrave; sự độc đ&aacute;o cho mặt sau của điện thoại.</p>\r\n\r\n<p><img alt=\"mo-hop-nubia-z60-ultra-camera\" src=\"https://cdn.mobilecity.vn/mobilecity-vn/images/2023/12/mo-hop-nubia-z60-ultra-camera.jpg.webp\" style=\"height:450px; width:600px\" /></p>\r\n\r\n<p><em>Camera 50MP đa dụng</em></p>\r\n\r\n<p>Cụ thể,&nbsp;Nubia Z60 Ultra được trang bị cảm biến ch&iacute;nh 50MP đi k&egrave;m với ống k&iacute;nh tele tiềm vọng 64MP c&oacute; khả năng zoom quang 3.3x v&agrave; ống k&iacute;nh g&oacute;c si&ecirc;u rộng 50MP.&nbsp;Với hệ thống camera chất lượng n&agrave;y, mọi người c&oacute; thể thỏa sức s&aacute;ng tạo trong việc chụp ảnh. Từ những bức ảnh chi tiết, sắc n&eacute;t, cho đến việc chụp cảnh rộng v&agrave; g&oacute;c nh&igrave;n độc đ&aacute;o, điện thoại n&agrave;y đ&aacute;p ứng được nhu cầu chụp ảnh đa dạng của người d&ugrave;ng.</p>\r\n\r\n<p>N&uacute;t nguồn ở cạnh b&ecirc;n của Z60 Ultra vẫn giữ thiết kế m&agrave;u đỏ đặc trưng của Nubia, c&oacute; n&uacute;t trượt t&ugrave;y chỉnh tiện dụng ở cạnh dưới, bạn c&oacute; thể nhanh ch&oacute;ng mở camera chỉ bằng một c&uacute; nhấn. Hơn nữa, n&uacute;t nguồn n&agrave;y cũng t&iacute;ch hợp c&aacute;c t&iacute;nh năng kh&aacute;c như tắt tiếng, ghi &acirc;m, đ&egrave;n pin v&agrave; kh&ocirc;ng gian tr&ograve; chơi, mang lại sự tiện &iacute;ch v&agrave; linh hoạt cho người d&ugrave;ng.</p>\r\n\r\n<p><img alt=\" mo-hop-nubia-z60-ultra-canh-ben\" src=\"https://cdn.mobilecity.vn/mobilecity-vn/images/2023/12/mo-hop-nubia-z60-ultra-canh-ben.jpg.webp\" style=\"height:450px; width:600px\" /></p>\r\n\r\n<p><em>Cạnh b&ecirc;n điện thoại t&iacute;ch hợp n&uacute;t nguồn v&agrave; n&uacute;t trượt t&ugrave;y chỉnh</em></p>\r\n\r\n<p>Chưa hết, cạnh dưới của Nubia Z60 Ultra cũng được cung cấp c&aacute;c cổng v&agrave; khe cắm quan trọng bao gồm cổng USB-C th&ocirc;ng thường để sạc v&agrave; truyền dữ liệu, loa v&agrave; khe cắm thẻ SIM.</p>\r\n\r\n<p><img alt=\"mo-hop-nubia-z60-ultra-canh-duoi\" src=\"https://cdn.mobilecity.vn/mobilecity-vn/images/2023/12/mo-hop-nubia-z60-ultra-canh-duoi.jpg.webp\" style=\"height:450px; width:600px\" /></p>\r\n\r\n<p><em>Cạnh dưới của điện thoại c&oacute; cổng USB-C, loa v&agrave; khe cắm thẻ SIM</em></p>\r\n\r\n<h2>Th&ocirc;ng số kỹ thuật của Nubia Z60 Ultra</h2>\r\n\r\n<p>Kh&ocirc;ng chỉ ấn tượng với thiết kế đẹp mắt, chiếc m&aacute;y&nbsp;Nubia Z60 Ultra c&ograve;n được t&iacute;ch hợp nhiều c&ocirc;ng nghệ ti&ecirc;n tiến, hấp dẫn nhằm đ&aacute;p ứng tốt c&aacute;c nhu cầu xem phim, chơi game, giải tr&iacute; của người d&ugrave;ng. Cụ thể, thiết bị sở hữu con chip Snapdragon đầu 8 mạnh mẽ của Qualcomm đi k&egrave;m với dung lượng pin khủng v&agrave; khả năng sạc si&ecirc;u nhanh.</p>\r\n\r\n<p>Dưới đ&acirc;y l&agrave; c&aacute;c th&ocirc;ng số kỹ thuật ch&iacute;nh của điện thoại&nbsp;Nubia Z60 Ultra, c&aacute;c bạn c&oacute; thể theo d&otilde;i để nắm r&otilde; c&aacute;c t&iacute;nh năng nổi bật của sản phẩm n&agrave;y nh&eacute;.&nbsp;</p>\r\n\r\n<table>\r\n	<tbody>\r\n		<tr>\r\n			<td>&nbsp;</td>\r\n			<td>Nubia Z60 Ultra</td>\r\n		</tr>\r\n		<tr>\r\n			<td>K&iacute;ch thước</td>\r\n			<td>164 x 76.4 x 8.8 mm<br />\r\n			246 g</td>\r\n		</tr>\r\n		<tr>\r\n			<td>Vi xử l&yacute;</td>\r\n			<td>Qualcomm SM8650-AB Snapdragon 8 Gen 3 (4 nm)<br />\r\n			8 nh&acirc;n (1x3.3 GHz &amp; 5x3.2 GHz &amp; 2x2.3 GHz)<br />\r\n			GPU: Adreno 750</td>\r\n		</tr>\r\n		<tr>\r\n			<td>Bộ nhớ</td>\r\n			<td>RAM: 8GB - 16GB (Mỹ + Quốc tế),&nbsp;LPDDR5X<br />\r\n			ROM: 12GB - 24GB (Trung Quốc)</td>\r\n		</tr>\r\n		<tr>\r\n			<td>M&agrave;n h&igrave;nh</td>\r\n			<td>AMOLED, 1 tỷ m&agrave;u, 120Hz, HDR10+, 1500 nits (tối đa)<br />\r\n			6.8 inches, Full HD+ (1116 x 2480 pixels)<br />\r\n			Tỷ lệ 20:9, mật độ điểm ảnh ~400 ppi</td>\r\n		</tr>\r\n		<tr>\r\n			<td>Camera sau</td>\r\n			<td>50 MP, f/1.6 (ti&ecirc;u chuẩn), PDAF, Laser AF, OIS<br />\r\n			64 MP, f/3.3 (tele tiềm vọng), PDAF, OIS, 3.3x optical zoom<br />\r\n			50 MP, f/1.8, 100˚ (g&oacute;c si&ecirc;u rộng), PDAF, OIS<br />\r\n			Quay phim: 8K@30fps, 4K@30/60/120fps, 1080p@30/60fps, gyro-EIS, HDR10, 10‑bit video</td>\r\n		</tr>\r\n		<tr>\r\n			<td>Camera trước</td>\r\n			<td>16 MP, f/2.0, HDR (Trung Quốc)<br />\r\n			12 MP, HDR (Quốc tế)<br />\r\n			Camera ẩn dưới m&agrave;n h&igrave;nh<br />\r\n			Quay phim: 1080p@30fps</td>\r\n		</tr>\r\n		<tr>\r\n			<td>Pin v&agrave; sạc</td>\r\n			<td>Li-Po 6000 mAh<br />\r\n			Sạc nhanh 80W, PD3.0, QC4</td>\r\n		</tr>\r\n		<tr>\r\n			<td>Hệ điều h&agrave;nh</td>\r\n			<td>Android 14, MyOS 14</td>\r\n		</tr>\r\n	</tbody>\r\n</table>\r\n\r\n<h2>Nubia Z60 Ultra gi&aacute; bao nhi&ecirc;u tiền?</h2>\r\n\r\n<p>Tại thị trường Trung Quốc,&nbsp;Nubia Z60 Ultra c&oacute;&nbsp;mức gi&aacute; khởi điểm từ&nbsp;4.299 Yuan (khoảng 14.76 triệu đồng). Cụ thể, điện thoại c&oacute; 5 phi&ecirc;n bản cấu h&igrave;nh với gi&aacute; b&aacute;n như sau:</p>\r\n\r\n<ul>\r\n	<li>Phi&ecirc;n bản RAM 12GB + ROM&nbsp;256GB c&oacute; gi&aacute;&nbsp;4.299 Yuan (khoảng 14.76 triệu đồng).</li>\r\n	<li>Phi&ecirc;n bản RAM 16GB + ROM 512GB c&oacute; gi&aacute;&nbsp;4.699 Yuan (khoảng 16.14 triệu đồng).</li>\r\n	<li>Phi&ecirc;n bản RAM 16GB + ROM 1TB c&oacute; gi&aacute;&nbsp;5.299 Yuan (khoảng 18.2 triệu đồng).</li>\r\n	<li>Phi&ecirc;n bản RAM 24GB + ROM 1TB c&oacute; gi&aacute;&nbsp;5.999 Yuan (khoảng 20.6 triệu đồng).</li>\r\n	<li>Phi&ecirc;n bản Nubia Z60 Ultra Starry Night Collector&#39;s Edition RAM 16GB + ROM 512GB c&oacute; gi&aacute; 4.999 Yuan (khoảng 17.17 triệu đồng).</li>\r\n</ul>\r\n\r\n<p>Như vậy, tr&ecirc;n đ&acirc;y l&agrave; những h&igrave;nh ảnh mở hộp&nbsp;Nubia Z60 Ultra mới nhất m&agrave; MobileCity muốn chia sẻ đến c&aacute;c bạn. Cảm ơn mọi người đ&atilde; quan t&acirc;m theo d&otilde;i b&agrave;i viết của ch&uacute;ng t&ocirc;i.</p>\r\n', 'mo-hop-nubia-z60-ultra.jpg', '2023-12-31 11:48:14', 1, 2),
(15, 'Mở hộp Vivo iQOO Neo 9 Pro: Cụm camera kép, màn hình viền cực mỏng', '<p><strong>Mở hộp Vivo iQOO Neo 9 Pro</strong> sẽ cho c&aacute;c bạn chi&ecirc;m ngưỡng cận cảnh thiết kế ch&acirc;n thực nhất của chiếc m&aacute;y vừa mới được ra mắt h&ocirc;m 27 th&aacute;ng 12 n&agrave;y. iQOO Neo 9 Pro l&agrave; một sản phẩm ph&acirc;n kh&uacute;c tầm trung cận cao cấp. Smartphone được khen ngợi l&agrave; c&oacute; ngoại h&igrave;nh sang trọng, đẹp mắt, hiệu năng mạnh mẽ kh&ocirc;ng kh&aacute;c g&igrave; những chiếc điện thoại cao cấp. Đặc biệt, gi&aacute; b&aacute;n của n&oacute; lại v&ocirc; c&ugrave;ng hấp dẫn.</p>\r\n\r\n<p>Lần n&agrave;y, iQOO Neo 9 Pro cũng sử dụng bộ vi xử l&yacute;&nbsp;Dimension 9300 như d&ograve;ng vivo X100 h&agrave;ng đầu của Vivo. V&agrave; kh&ocirc;ng để c&aacute;c bạn phải chờ đợi l&acirc;u hơn nữa, ngay b&acirc;y giờ, ch&uacute;ng ta sẽ đến với phần&nbsp;<a href=\"https://mobilecity.vn/tin-tuc/mo-hop-vivo-iqoo-neo-9-pro-cum-camera-kep.html\" target=\"_blank\">mở hộp Vivo iQOO Neo 9 Pro</a>!<a href=\"https://mobilecity.vn/tin-tuc/mo-hop-vivo-iqoo-neo-9-pro-cum-camera-kep.html\" target=\"_blank\"><img alt=\"Mở hộp Vivo iQOO Neo 9 Pro: Cụm camera kép, màn hình viền cực mỏng\" src=\"https://mobilecity.vn/px.gif?utm_source=dmca_copy&amp;utm_medium=M%E1%BB%9F%20h%E1%BB%99p%20Vivo%20iQOO%20Neo%209%20Pro:%20C%E1%BB%A5m%20camera%20k%C3%A9p,%20m%C3%A0n%20h%C3%ACnh%20vi%E1%BB%81n%20c%E1%BB%B1c%20m%E1%BB%8Fng&amp;utm_campaign=https://mobilecity.vn/tin-tuc/mo-hop-vivo-iqoo-neo-9-pro-cum-camera-kep.html&amp;utm_content=M%E1%BB%9F%20h%E1%BB%99p%20Vivo%20iQOO%20Neo%209%20Pro%20s%E1%BA%BD%20cho%20c%C3%A1c%20b%E1%BA%A1n%20chi%C3%AAm%20ng%C6%B0%E1%BB%A1ng%20c%E1%BA%ADn%20c%E1%BA%A3nh%20thi%E1%BA%BFt%20k%E1%BA%BF%20ch%C3%A2n%20th%E1%BB%B1c%20nh%E1%BA%A5t%20c%E1%BB%A7a%20chi%E1%BA%BFc%20m%C3%A1y%20v%E1%BB%ABa%20m%E1%BB%9Bi%20%C4%91%C6%B0%E1%BB%A3c%20ra%20m%E1%BA%AFt%20c%E1%BB%B1c%20k%E1%BB%B3%20th%C3%A0nh%20c%C3%B4ng%20v%C3%A0o%20h%C3%B4m%2027%20th%C3%A1ng%2012.\" style=\"height:1px; width:1px\" /></a><a href=\"https://mobilecity.vn\" target=\"_blank\"><img alt=\"This article is referenced content from https://mobilecity.vn - Mở hộp Vivo iQOO Neo 9 Pro: Cụm camera kép, màn hình viền cực mỏng\" src=\"https://mobilecity.vn/px.gif?utm_source=dmca_copy&amp;utm_medium=M%E1%BB%9F%20h%E1%BB%99p%20Vivo%20iQOO%20Neo%209%20Pro:%20C%E1%BB%A5m%20camera%20k%C3%A9p,%20m%C3%A0n%20h%C3%ACnh%20vi%E1%BB%81n%20c%E1%BB%B1c%20m%E1%BB%8Fng&amp;utm_campaign=https://mobilecity.vn/tin-tuc/mo-hop-vivo-iqoo-neo-9-pro-cum-camera-kep.html&amp;utm_content=M%E1%BB%9F%20h%E1%BB%99p%20Vivo%20iQOO%20Neo%209%20Pro%20s%E1%BA%BD%20cho%20c%C3%A1c%20b%E1%BA%A1n%20chi%C3%AAm%20ng%C6%B0%E1%BB%A1ng%20c%E1%BA%ADn%20c%E1%BA%A3nh%20thi%E1%BA%BFt%20k%E1%BA%BF%20ch%C3%A2n%20th%E1%BB%B1c%20nh%E1%BA%A5t%20c%E1%BB%A7a%20chi%E1%BA%BFc%20m%C3%A1y%20v%E1%BB%ABa%20m%E1%BB%9Bi%20%C4%91%C6%B0%E1%BB%A3c%20ra%20m%E1%BA%AFt%20c%E1%BB%B1c%20k%E1%BB%B3%20th%C3%A0nh%20c%C3%B4ng%20v%C3%A0o%20h%C3%B4m%2027%20th%C3%A1ng%2012.\" style=\"height:1px; width:1px\" /></a></p>\r\n\r\n<h2>Mở hộp Vivo iQOO Neo 9 Pro</h2>\r\n\r\n<p>Tuy rằng Vivo iQOO Neo 9 Pro mới chỉ vừa được ra mắt c&aacute;ch đ&acirc;y &iacute;t h&ocirc;m th&ocirc;i nhưng MobileCity ch&uacute;ng t&ocirc;i cũng đ&atilde; nhanh tay sở hữu chiếc điện thoại n&agrave;y. Việc mở hộp <a href=\"https://mobilecity.vn/dien-thoai/vivo-iqoo-neo-9-pro-5g.html\" target=\"_blank\">iQOO Neo 9 Pro</a> kh&ocirc;ng chỉ gi&uacute;p cho c&aacute;c bạn c&oacute; được c&aacute;i nh&igrave;n r&otilde; nhất về thiết kế của m&aacute;y m&agrave; n&oacute; c&ograve;n gi&uacute;p bạn c&oacute; được quyết định lựa chọn sản phẩm đ&uacute;ng đắn nhất.</p>\r\n\r\n<p><img alt=\"mo-hop-vivo-iqoo-neo9-pro-1\" src=\"https://cdn.mobilecity.vn/mobilecity-vn/images/2023/12/mo-hop-vivo-iqoo-neo9-pro-1.jpg.webp\" style=\"height:450px; width:600px\" /></p>\r\n\r\n<p><em>Mở hộp Vivo iQOO Neo 9 Pro</em></p>\r\n\r\n<p>V&agrave; trước hết, ch&uacute;ng ta h&atilde;y đ&aacute;nh gi&aacute; phần hộp đựng b&ecirc;n ngo&agrave;i của Vivo iQOO Neo 9 Pro cũng như c&aacute;c phụ kiện đi k&egrave;m ở phần dưới đ&acirc;y.</p>\r\n\r\n<h3>Hộp đựng v&agrave; phụ kiện</h3>\r\n\r\n<p>Phần bao b&igrave; b&ecirc;n ngo&agrave;i của iQOO Neo 9 Pro c&oacute; thiết kế với 2 m&agrave;u chủ đạo l&agrave; đen v&agrave; trắng. Hộp đựng kh&ocirc;ng c&oacute; đường n&eacute;t qu&aacute; phức tạp v&agrave; chỉ tập trung l&agrave;m nổi bật đặc t&iacute;nh t&ecirc;n tuổi của sản phẩm. Ngay ch&iacute;nh giữa của lắp hộp được in d&ograve;ng chữ &quot;Neo 9&quot;, trong đ&oacute; chữ số &quot;9&quot; được in mờ ở ph&iacute;a sau tạo n&ecirc;n hiệu ứng 3D cực k&igrave; đẹp.</p>\r\n\r\n<p><img alt=\"mo-hop-vivo-iqoo-neo9-pro-2\" src=\"https://cdn.mobilecity.vn/mobilecity-vn/images/2023/12/mo-hop-vivo-iqoo-neo9-pro-2.jpg.webp\" style=\"height:450px; width:600px\" /></p>\r\n\r\n<p><em>Phần&nbsp;bao b&igrave; c&oacute; thiết kế với 2 m&agrave;u chủ đạo l&agrave; đen v&agrave; trắng</em></p>\r\n\r\n<p>Ngo&agrave;i ra, c&aacute;c bạn cũng c&oacute; thể t&igrave;m thấy t&ecirc;n đầy đủ của điện thoại Vivo iQOO Neo 9 Pro ở phần cạnh hộp. Về phụ kiện đi k&egrave;m, giống với c&aacute;c sản phẩm kh&aacute;c, iQOO Neo 9 Pro b&ecirc;n trong hộp cũng c&oacute; s&aacute;ch hướng dẫn sử dụng, một chiếc ốp lưng bảo vệ m&aacute;y l&agrave;m bằng silicon trong suốt, d&acirc;y sạc v&agrave; c&aacute;p sạc 120W, que lấy SIM vật l&yacute;.</p>\r\n\r\n<p><img alt=\"mo-hop-vivo-iqoo-neo9-pro-3\" src=\"https://cdn.mobilecity.vn/mobilecity-vn/images/2023/12/mo-hop-vivo-iqoo-neo9-pro-3.jpg.webp\" style=\"height:450px; width:600px\" /></p>\r\n\r\n<p><em>C&aacute;c phụ kiện đi k&egrave;m của iQOO Neo 9 Pro</em></p>\r\n\r\n<p>Nh&igrave;n chung, kh&acirc;u đ&oacute;ng g&oacute;i của iQOO Neo 9 Pro kh&aacute; đơn giản, nhưng lại kh&ocirc;ng l&agrave;m mất đi sự cao cấp vốn c&oacute;, g&acirc;y ấn tượng tốt cho kh&aacute;n giả ngay từ những &aacute;nh mắt đầu ti&ecirc;n.</p>\r\n\r\n<p>V&agrave; ngay sau đ&acirc;y, ch&uacute;ng ta sẽ c&ugrave;ng đi s&acirc;u v&agrave;o đ&aacute;nh gi&aacute; thiết kế của iQOO Neo 9 Pro. Liệu n&oacute; c&oacute; những t&iacute;nh năng g&igrave; m&agrave; lại nhận được nhiều lời khen của mọi người đến vậy?</p>\r\n\r\n<h3>Thiết kế hiện đại, viền si&ecirc;u mỏng</h3>\r\n\r\n<p>Về mặt thiết kế, nếu bạn đ&atilde; chứng kiến thiết kế của iQOO Neo 9 rồi th&igrave; c&oacute; thể dễ d&agrave;ng thấy được Vivo iQOO Neo 9 Pro sở hữu ngoại h&igrave;nh ho&agrave;n to&agrave;n giống với phi&ecirc;n bản ti&ecirc;u chuẩn, bao gồm cả k&iacute;ch thước v&agrave; trọng lượng.</p>\r\n\r\n<p><img alt=\"mo-hop-vivo-iqoo-neo9-pro-4\" src=\"https://cdn.mobilecity.vn/mobilecity-vn/images/2023/12/mo-hop-vivo-iqoo-neo9-pro-4.jpg.webp\" style=\"height:450px; width:600px\" /></p>\r\n\r\n<p><em>Vivo iQOO Neo 9 Pro sở hữu ngoại h&igrave;nh ho&agrave;n to&agrave;n giống với phi&ecirc;n bản ti&ecirc;u chuẩn</em></p>\r\n\r\n<p>Đầu ti&ecirc;n, đ&oacute; l&agrave; c&aacute;ch phối m&agrave;u. D&ograve;ng iQOO Neo 9 Series c&oacute; 3 sự lựa chọn về m&agrave;u sắc cho người d&ugrave;ng c&oacute; thể lựa chọn, đ&oacute; l&agrave;: M&agrave;u&nbsp;Fighting Black (Đen), Nautical Blue (Xanh Nước Biển) v&agrave; m&agrave;u Red And White Soul (Đỏ Trắng).</p>\r\n\r\n<p><img alt=\"mo-hop-vivo-iqoo-neo9-pro-5\" src=\"https://cdn.mobilecity.vn/mobilecity-vn/images/2023/12/mo-hop-vivo-iqoo-neo9-pro-5.jpg.webp\" style=\"height:450px; width:600px\" /></p>\r\n\r\n<p><em>Phối m&agrave;u&nbsp;Red And White Soul của iQOO Neo 9 Pro</em></p>\r\n\r\n<p>Về mặt thiết kế quy tr&igrave;nh, phi&ecirc;n bản iQOO Neo 9 Pro &quot;Red And White Soul&quot; &aacute;p dụng quy tr&igrave;nh gh&eacute;p da hai hạt. V&ugrave;ng m&agrave;u trắng nhạt sử dụng da c&oacute; kết cấu sợi carbon v&agrave; v&ugrave;ng m&agrave;u đỏ sử dụng da c&oacute; lớp kết cấu vải.&nbsp;Phối m&agrave;u &quot;Nautical Blue&quot; sử dụng c&ocirc;ng nghệ k&iacute;nh kết cấu men v&agrave; phối m&agrave;u &quot;Fighting Black&quot; sử dụng c&ocirc;ng nghệ k&iacute;nh fluorite AG, hai m&agrave;u n&agrave;y nặng hơn một ch&uacute;t nhưng cũng được kiểm so&aacute;t trong khoảng 200 gram - 196 gram, tạo cảm gi&aacute;c cầm nắm kh&aacute; chắc chắn.</p>\r\n\r\n<p><img alt=\"mo-hop-vivo-iqoo-neo9-pro-6\" src=\"https://cdn.mobilecity.vn/mobilecity-vn/images/2023/12/mo-hop-vivo-iqoo-neo9-pro-6.jpg.webp\" style=\"height:450px; width:600px\" /></p>\r\n\r\n<p><em>iQOO Neo 9 Pro sở hữu m&agrave;n h&igrave;nh viền cực mỏng</em></p>\r\n\r\n<p>Nếu bạn muốn một chiếc điện thoại c&oacute; cảm gi&aacute;c nhẹ nh&agrave;ng hơn, bạn c&oacute; thể chọn phi&ecirc;n bản Red And White Soul, chỉ nặng 190 gram nhưng độ d&agrave;y lại lớn hơn một ch&uacute;t so với 2 phi&ecirc;n bản c&ograve;n lại l&agrave; 7,99 mm v&agrave; 8,34 mm.</p>\r\n\r\n<p><img alt=\"mo-hop-vivo-iqoo-neo9-pro-7\" src=\"https://cdn.mobilecity.vn/mobilecity-vn/images/2023/12/mo-hop-vivo-iqoo-neo9-pro-7.jpg.webp\" style=\"height:450px; width:600px\" /></p>\r\n\r\n<p><em>Viền tr&aacute;i v&agrave; phải của iQOO Neo 9 Pro được thu hẹp xuống chỉ c&ograve;n 1,54 mm</em></p>\r\n\r\n<p>Về phần m&agrave;n h&igrave;nh, viền tr&aacute;i v&agrave; phải của iQOO Neo 9 Pro được thu hẹp xuống chỉ c&ograve;n 1,54 mm v&agrave; chiều rộng th&acirc;n m&aacute;y bị thu hẹp 1,3 mm so với d&ograve;ng iQOO Neo 8 Pro, tr&ocirc;ng cao cấp v&agrave; tinh tế hơn.&nbsp;To&agrave;n bộ d&ograve;ng iQOO Neo 9 Series đ&atilde; vượt qua chứng nhận &aacute;nh s&aacute;ng xanh của SGS, đồng thời to&agrave;n bộ d&ograve;ng Neo 9 Series đều hỗ trợ đầy đủ chế độ l&agrave;m mờ tần số cao - ở độ s&aacute;ng m&agrave;n h&igrave;nh từ 2 đến 600 nits.</p>\r\n\r\n<p><img alt=\"mo-hop-vivo-iqoo-neo9-pro-8\" src=\"https://cdn.mobilecity.vn/mobilecity-vn/images/2023/12/mo-hop-vivo-iqoo-neo9-pro-8.jpg.webp\" style=\"height:450px; width:600px\" /></p>\r\n\r\n<p><em>iQOO Neo 9 Pro đặt n&uacute;t &acirc;m lượng v&agrave; c&ocirc;ng tắc nguồn ở cạnh phải</em></p>\r\n\r\n<p>iQOO Neo 9 Pro đặt n&uacute;t &acirc;m lượng v&agrave; c&ocirc;ng tắc nguồn ở cạnh phải th&acirc;n m&aacute;y nếu như ch&uacute;ng ta quan s&aacute;t từ mặt trước. Cạnh đ&aacute;y l&agrave; khe cắm sạc, loa &acirc;m thanh v&agrave; khe đựng SIM vật l&yacute;.</p>\r\n\r\n<p>iQOO Neo 9 Pro c&oacute; cụm camera k&eacute;p ở mặt sau được sắp xếp tr&ecirc;n dưới 1 c&aacute;ch thẳng h&agrave;ng.&nbsp;N&oacute; chỉ chiếm 7,62% diện t&iacute;ch nắp lưng. B&ecirc;n cạnh hệ thống camera c&ograve;n c&oacute; hệ thống đ&egrave;n flash LED để chiếc s&aacute;ng.</p>\r\n\r\n<p>Nh&igrave;n chung, Vivo iQOO Neo 9 Pro sở hữu một vẻ ngo&agrave;i nổi bật, to&aacute;t l&ecirc;n vẻ sang trọng, cao cấp, rất đ&aacute;ng để cho người d&ugrave;ng sở hữu.</p>\r\n\r\n<h2>Th&ocirc;ng số kỹ thuật của Vivo iQOO Neo 9 Pro</h2>\r\n\r\n<p>iQOO Neo 9 Pro sử dụng m&agrave;n h&igrave;nh si&ecirc;u cảm biến mọi thời tiết 1,5K 144Hz 8T, trong đ&oacute; 8T d&ugrave;ng để chỉ chất liệu m&agrave;n h&igrave;nh, c&oacute; khả năng phản hồi nhanh v&agrave; ti&ecirc;u thụ điện năng thấp, hỗ trợ LTPO th&iacute;ch ứng điện tử h&agrave;ng đầu 1-144Hz.&nbsp;Camera ch&iacute;nh 108MP IMX920 h&agrave;ng đầu của Sony hỗ trợ c&ocirc;ng nghệ quang phổ sinh học VCS gi&uacute;p chiếc m&aacute;y chinh phục được mọi bức ảnh c&oacute; độ phức tạp cao, vi&ecirc;n pin 5160 mAh cho ph&eacute;p ch&uacute;ng ta sử dụng smartphone trong thời gian d&agrave;i.</p>\r\n\r\n<p><img alt=\"mo-hop-vivo-iqoo-neo9-pro-9\" src=\"https://cdn.mobilecity.vn/mobilecity-vn/images/2023/12/mo-hop-vivo-iqoo-neo9-pro-9.jpg.webp\" style=\"height:450px; width:600px\" /></p>\r\n\r\n<p><em>Th&ocirc;ng số kỹ thuật của Vivo iQOO Neo 9 Pro</em></p>\r\n\r\n<p>Chưa dừng lại ở đ&oacute;, Vivo iQOO Neo 9 Pro c&ograve;n đi k&egrave;m với h&agrave;ng loạt c&aacute;c t&iacute;nh năng si&ecirc;u hấp dẫn kh&aacute;c nữa, đảm bảo sẽ đem lại hiệu năng vượt trội. V&agrave; dưới đ&acirc;y sẽ l&agrave; bảng th&ocirc;ng số kỹ thuật của m&aacute;y để ch&uacute;ng ta c&oacute; thể lắm bắt th&ocirc;ng tin dễ hơn.</p>\r\n\r\n<p><strong>Bảng th&ocirc;ng số kỹ thuật Vivo iQOO Neo 9 Pro:</strong></p>\r\n\r\n<table>\r\n	<tbody>\r\n		<tr>\r\n			<td><strong>Ti&ecirc;u ch&iacute;</strong></td>\r\n			<td><strong>Vivo iQOO Neo 9 Pro</strong></td>\r\n		</tr>\r\n		<tr>\r\n			<td>K&iacute;ch thước</td>\r\n			<td>163.5 x 75.7 x 8 mm hoặc 8.3 mm<br />\r\n			190 g hoặc 196 g (6.70 oz)</td>\r\n		</tr>\r\n		<tr>\r\n			<td>M&agrave;n h&igrave;nh</td>\r\n			<td>LTPO AMOLED, 1 tỷ m&agrave;u, 144Hz, HDR10+, 1400 nits (HBM), 6.78 inches,&nbsp;1260 x 2800 pixels, tỷ lệ 20:9</td>\r\n		</tr>\r\n		<tr>\r\n			<td>Chipset</td>\r\n			<td>Mediatek Dimensity 9300 (4 nm)<br />\r\n			8 nh&acirc;n:&nbsp;1x3.25 GHz Cortex-X4 &amp; 3x2.85 GHz Cortex-X4 &amp; 4x2.0 GHz Cortex-A720<br />\r\n			GPU:&nbsp;Immortalis-G720 MC12</td>\r\n		</tr>\r\n		<tr>\r\n			<td>Camera ch&iacute;nh</td>\r\n			<td>50 MP, f/1.9 (g&oacute;c rộng), 1/1.49 inch, PDAF, OIS<br />\r\n			50 MP, f/2.0, 119 độ (g&oacute;c si&ecirc;u rộng), 1/2.76 inch, 0.64um, AF<br />\r\n			Quay video:&nbsp;8K, 4K, 1080p, gyro-EIS</td>\r\n		</tr>\r\n		<tr>\r\n			<td>Camera selfie</td>\r\n			<td>16 MP, f/2.5 (g&oacute;c rộng)<br />\r\n			Quay video:&nbsp;1080p@30fps</td>\r\n		</tr>\r\n		<tr>\r\n			<td>Bộ nhớ</td>\r\n			<td>RAM: 12 GB, 16 GB<br />\r\n			ROM: 256 GB, 512 GB, 1 TB</td>\r\n		</tr>\r\n		<tr>\r\n			<td>Pin &amp; sạc</td>\r\n			<td>5160 mAh<br />\r\n			Sạc nhanh: 120W</td>\r\n		</tr>\r\n	</tbody>\r\n</table>\r\n\r\n<h2>Vivo iQOO Neo 9 Pro gi&aacute; bao nhi&ecirc;u tiền?</h2>\r\n\r\n<p>Vivo iQOO Neo 9 Pro gi&aacute; bao nhi&ecirc;u tiền? Đ&acirc;y chắc chắn l&agrave; một c&acirc;u hỏi m&agrave; rất nhiều người đang thắc mắc l&uacute;c n&agrave;y. V&agrave; MobileCity ch&uacute;ng t&ocirc;i cũng đ&atilde; cập nhật được gi&aacute; b&aacute;n ch&iacute;nh x&aacute;c nhất m&agrave; h&atilde;ng Vivo đ&atilde; đưa ra.</p>\r\n\r\n<p>Tuy n&oacute; sở hữu h&agrave;ng loạt c&aacute;c t&iacute;nh năng ti&ecirc;u biểu đ&atilde; được n&ecirc;u ở b&ecirc;n tr&ecirc;n nhưng mức gi&aacute; b&aacute;n của n&oacute; cũng kh&ocirc;ng hề đắt đỏ một ch&uacute;t n&agrave;o. Đối với c&aacute;c phi&ecirc;n bản m&agrave;u, mức gi&aacute; sẽ kh&ocirc;ng c&oacute; sự ch&ecirc;nh lệch m&agrave; sự ch&ecirc;nh lệch sẽ phụ thuộc v&agrave;o c&aacute;c biến thể bộ nhớ. Cụ thể như sau:</p>\r\n\r\n<ul>\r\n	<li>Phi&ecirc;n bản 12GB RAM + 256GB bộ nhớ trong c&oacute; gi&aacute; 2.999 CNY (khoảng 10.3 triệu đồng).</li>\r\n	<li>Phi&ecirc;n bản 12GB RAM + 512GB bộ nhớ trong c&oacute; gi&aacute; 3.299 CNY (khoảng 11.3 triệu đồng).</li>\r\n	<li>Phi&ecirc;n bản 16GB RAM + 512GB bộ nhớ trong c&oacute; gi&aacute; 3.599 CNY (khoảng 12.3 triệu đồng).</li>\r\n	<li>Phi&ecirc;n bản 16GB RAM + 1TB bộ nhớ trong c&oacute; gi&aacute; 3.999 CNY (khoảng 13.7 triệu đồng).</li>\r\n</ul>\r\n\r\n<p>Bạn nghĩ sao về mức gi&aacute; n&agrave;y? N&oacute; đ&atilde; hợp l&yacute; hay chưa?</p>\r\n\r\n<h2>Lời tổng kết</h2>\r\n\r\n<p>Tổng kết lại, Vivo iQOO Neo 9 Pro l&agrave; một chiếc điện thoại th&ocirc;ng minh sở hữu thiết kế đẹp mắt, tinh tế v&agrave; cao cấp. Đ&acirc;y sẽ l&agrave; một sự lựa chọn v&ocirc; c&ugrave;ng hấp dẫn đối với nhiều người d&ugrave;ng. V&agrave; b&agrave;i viết mở hộp Vivo iQOO Neo 9 Pro cũng đ&atilde; đến hồi kết. Hẹn gặp lại c&aacute;c bạn trong những bản tin tiếp theo!</p>\r\n', 'mo-hop-vivo-iqoo-neo9-pro.jpg', '2023-12-31 11:49:34', 1, 2);
INSERT INTO `tintuc` (`Matintuc`, `Tentintuc`, `Noidung`, `Anhtintuc`, `Thoigiandang`, `Mauser`, `Maloaitin`) VALUES
(16, 'MobileCity Tuyển Dụng (25.000.000)', '<h2><strong>GIỚI THIỆU C&Ocirc;NG TY</strong></h2>\r\n\r\n<p>MobileCity l&agrave; hệ thống chuy&ecirc;n ph&acirc;n phối c&aacute;c sản phẩm Điện thoại, M&aacute;y t&iacute;nh bảng, Đồng hồ th&ocirc;ng minh,... v&agrave; c&aacute;c phụ kiện, linh kiện li&ecirc;n quan. Ngo&agrave;i ra MobileCity c&ograve;n cung cấp c&aacute;c dịch vụ bảo h&agrave;nh sửa chữa tất cả c&aacute;c cấp độ như: Sửa main, Thay thế, Unlock/mở kho&aacute;, Unbrick&hellip; <a href=\"https://mobilecity.vn/tin-tuc/mobilecity-tuyen-dung-nhan-vien-ban-hang-cskh-ky-thuat.html\" target=\"_blank\"><img alt=\"MobileCity Tuyển Dụng (25.000.000) - MobileCity\" src=\"https://mobilecity.vn/px.gif?utm_source=dmca_copy&amp;utm_medium=MobileCity%20Tuy%E1%BB%83n%20D%E1%BB%A5ng%20(25.000.000)%20-%20MobileCity&amp;utm_campaign=https://mobilecity.vn/tin-tuc/mobilecity-tuyen-dung-nhan-vien-ban-hang-cskh-ky-thuat.html&amp;utm_content=%20%20%20%20GI%E1%BB%9AI%20THI%E1%BB%86U%20C%C3%94NG%20TY%20%20%20%20%0A%20%20MobileCity%20l%C3%A0%20h%E1%BB%87%20th%E1%BB%91ng%20chuy%C3%AAn%20ph%C3%A2n%20ph%E1%BB%91i%20c%C3%A1c%20s%E1%BA%A3n%20ph%E1%BA%A9m%20%C4%90i%E1%BB%87n%20tho%E1%BA%A1i,%20M%C3%A1y%20t%C3%ADnh%20b%E1%BA%A3ng,%20%C4%90%E1%BB%93ng%20h%E1%BB%93%20th%C3%B4ng%20minh,...%20v%C3%A0%20c%C3%A1c%20ph%E1%BB%A5%20ki%E1%BB%87n,%20...\" style=\"height:1px; width:1px\" /></a><a href=\"https://mobilecity.vn\" target=\"_blank\"><img alt=\"This article is referenced content from https://mobilecity.vn - MobileCity Tuyển Dụng (25.000.000) - MobileCity\" src=\"https://mobilecity.vn/px.gif?utm_source=dmca_copy&amp;utm_medium=MobileCity%20Tuy%E1%BB%83n%20D%E1%BB%A5ng%20(25.000.000)%20-%20MobileCity&amp;utm_campaign=https://mobilecity.vn/tin-tuc/mobilecity-tuyen-dung-nhan-vien-ban-hang-cskh-ky-thuat.html&amp;utm_content=%20%20%20%20GI%E1%BB%9AI%20THI%E1%BB%86U%20C%C3%94NG%20TY%20%20%20%20%0A%20%20MobileCity%20l%C3%A0%20h%E1%BB%87%20th%E1%BB%91ng%20chuy%C3%AAn%20ph%C3%A2n%20ph%E1%BB%91i%20c%C3%A1c%20s%E1%BA%A3n%20ph%E1%BA%A9m%20%C4%90i%E1%BB%87n%20tho%E1%BA%A1i,%20M%C3%A1y%20t%C3%ADnh%20b%E1%BA%A3ng,%20%C4%90%E1%BB%93ng%20h%E1%BB%93%20th%C3%B4ng%20minh,...%20v%C3%A0%20c%C3%A1c%20ph%E1%BB%A5%20ki%E1%BB%87n,%20...\" style=\"height:1px; width:1px\" /></a></p>\r\n\r\n<p>Với bề d&agrave;y gần 10 năm kinh nghiệm v&agrave; uy t&iacute;n đ&atilde; tạo được trong những năm vừa qua, ch&uacute;ng t&ocirc;i lu&ocirc;n đem lại cho kh&aacute;ch h&agrave;ng sự h&agrave;i l&ograve;ng v&agrave; thỏa m&atilde;n với tất cả c&aacute;c sản phẩm của m&igrave;nh.</p>\r\n\r\n<p>B&ecirc;n cạnh đ&oacute; l&agrave; đội ngũ nh&acirc;n vi&ecirc;n nhiệt t&igrave;nh chu đ&aacute;o v&agrave; đầy kinh nghiệm&nbsp;của ch&uacute;ng t&ocirc;i lu&ocirc;n mang đến cho kh&aacute;ch h&agrave;ng những th&ocirc;ng tin c&oacute; gi&aacute; trị v&agrave; gi&uacute;p kh&aacute;ch h&agrave;ng lựa chọn cũng như được sử dụng những sản phẩm ph&ugrave; hợp nhất.</p>\r\n\r\n<p>Để n&acirc;ng cao thương hiệu của m&igrave;nh, mục ti&ecirc;u của ch&uacute;ng t&ocirc;i trong thời gian tới l&agrave; cung cấp đến tận tay kh&aacute;ch h&agrave;ng những sản phẩm với chất lượng đảm bảo v&agrave; uy t&iacute;n cũng như gi&aacute; cả hợp l&yacute; nhất.</p>\r\n\r\n<p>Ch&uacute;ng t&ocirc;i xin ch&acirc;n th&agrave;nh cảm ơn tất cả c&aacute;c kh&aacute;ch h&agrave;ng đ&atilde;, đang v&agrave; sẽ ủng hộ ch&uacute;ng t&ocirc;i.</p>\r\n\r\n<p>Hiện tại ch&uacute;ng t&ocirc;i đang rất cần những nh&acirc;n vi&ecirc;n chăm chỉ, c&oacute; nhiệt huyết để c&ugrave;ng C&ocirc;ng ty ph&aacute;t triển v&agrave; khẳng định thương hiệu. Đ&acirc;y l&agrave; cơ hội hấp dẫn d&agrave;nh cho c&aacute;c ứng vi&ecirc;n quan t&acirc;m v&agrave; c&oacute; mong muốn được thăng tiến, l&agrave;m việc trong một m&ocirc;i trường năng động, trẻ trung.</p>\r\n\r\n<p><strong>TH&Ocirc;NG TIN TUYỂN DỤNG:</strong></p>\r\n\r\n<p><strong>✔️ TH&Ocirc;NG TIN CHUNG</strong></p>\r\n\r\n<ul>\r\n	<li><strong>Thời gian l&agrave;m việc:</strong>\r\n\r\n	<ul>\r\n		<li>Xoay ca. Nghỉ 01 ng&agrave;y/tuần.</li>\r\n		<li>Ca 1: 08h00 - 18h00 (Nghỉ giữa ca 1,5 tiếng).</li>\r\n		<li>Ca 2: 12h00 - 22h00 (Nghỉ giữa ca 1,5 tiếng).</li>\r\n	</ul>\r\n	</li>\r\n</ul>\r\n\r\n<ul>\r\n	<li><strong>Y&ecirc;u cầu:</strong>&nbsp;\r\n\r\n	<ul>\r\n		<li>Nam, Nữ từ 18 &ndash; 35 tu&ocirc;̉i.</li>\r\n		<li>Ngoại h&igrave;nh ưa nhìn, th&acirc;n thiện, niềm nở.</li>\r\n		<li>Y&ecirc;u th&iacute;ch c&ocirc;ng nghệ, c&oacute; kiến thức cơ bản về điện thoại.</li>\r\n		<li>C&oacute; kỹ năng giao tiếp tốt.</li>\r\n		<li>Kỹ năng văn ph&ograve;ng cơ bản (biết sử dụng m&aacute;y t&iacute;nh, Word, Excel).</li>\r\n		<li>Sử dụng th&agrave;nh thạo c&aacute;c mạng x&atilde; hội: Facebook, Tiktok,</li>\r\n		<li>Nhanh nhẹn, trung thực, nhiệt t&igrave;nh, có trách nhi&ecirc;̣m.</li>\r\n		<li>Tốt nghiệp THPT trở l&ecirc;n.</li>\r\n	</ul>\r\n	</li>\r\n</ul>\r\n\r\n<ul>\r\n	<li>&nbsp;<strong>Quyền lợi:</strong>&nbsp;\r\n\r\n	<ul>\r\n		<li>Lương cơ bản + lương danh số + chuy&ecirc;n cần + thưởng qu&yacute;&nbsp; + phụ cấp&nbsp;</li>\r\n		<li>Thu nhập ổn định: Từ 10.000.000 - 25.000.000 t&ugrave;y theo vị tr&iacute;</li>\r\n		<li>Thưởng th&aacute;ng, thưởng qu&yacute; ( 1.000.000 - 3.000.000)</li>\r\n		<li>Thưởng c&aacute;c ng&agrave;y lễ/tết&nbsp;( 30/4 - 1/5; 2/9, 8/3, 20/10, Tết dương lịch...)</li>\r\n		<li>Phụ cấp theo chế độ c&ocirc;ng ty: 1.000.000 - 3.000.000 (Qu&agrave; sinh nhật, thăm hỏi ốm đau, du lịch nghỉ m&aacute;t v&agrave; nhiều chế độ hấp dẫn kh&aacute;c... )</li>\r\n		<li>M&ocirc;i trường l&agrave;m việc cực k&igrave; thoải m&aacute;i, trẻ trung, năng động, lịch sự. Kh&ocirc;ng &aacute;p lực doanh số.</li>\r\n		<li>Được đ&agrave;o tạo về sản phẩm, quy tr&igrave;nh, kịch bản tư vấn kh&aacute;ch h&agrave;ng trước khi l&agrave;m việc.</li>\r\n		<li>Cơ hội thăng tiến l&ecirc;n c&aacute;c vị tr&iacute; cao trong C&ocirc;ng ty dựa theo năng lực.</li>\r\n		<li>Được tiếp x&uacute;c với những sản phẩm c&ocirc;ng nghệ mới nhất hiện nay.</li>\r\n		<li>Được nghỉ c&aacute;c ng&agrave;y Lễ/Tết theo quy định chung của nh&agrave; nước.</li>\r\n	</ul>\r\n	</li>\r\n</ul>\r\n\r\n<ul>\r\n	<li><strong>C&aacute;ch thức ứng tuyển: Ứng vi&ecirc;n điền th&ocirc;ng tin theo link dưới</strong>\r\n\r\n	<ul>\r\n		<li>Nh&acirc;n vi&ecirc;n B&aacute;n h&agrave;ng, CSKH:&nbsp;<a href=\"https://bit.ly/MC_BH\">https://bit.ly/MC_BH&nbsp;</a></li>\r\n		<li>Nh&acirc;n vi&ecirc;n Lễ t&acirc;n, Kỹ thuật:&nbsp;<a href=\"https://bit.ly/MC_KT\">https://bit.ly/MC_KT</a></li>\r\n	</ul>\r\n	</li>\r\n</ul>\r\n\r\n<ul>\r\n	<li><strong>Li&ecirc;n hệ</strong>\r\n\r\n	<ul>\r\n		<li>???? LH phỏng vấn: 0388. 666.448 (Ms. Tr&agrave;) - 0971.435.494 (Ms. Yến)</li>\r\n	</ul>\r\n	</li>\r\n</ul>\r\n\r\n<p><strong>✔️ VỊ TR&Iacute; TUYỂN DỤNG:</strong></p>\r\n\r\n<h2><strong>1. NH&Acirc;N VI&Ecirc;N B&Aacute;N H&Agrave;NG ĐIỆN THOẠI (15.000.000)</strong></h2>\r\n\r\n<ul>\r\n	<li><strong>M&ocirc; tả c&ocirc;ng việc:</strong>\r\n\r\n	<ul>\r\n		<li>Tiếp đ&oacute;n kh&aacute;ch h&agrave;ng tới cửa h&agrave;ng.</li>\r\n		<li>T&igrave;m hiểu nhu cầu v&agrave; tư vấn đầy đủ c&aacute;c th&ocirc;ng tin về: Sản phẩm, dịch vụ, chương tr&igrave;nh khuyến m&atilde;i, hậu m&atilde;i cho kh&aacute;ch h&agrave;ng.</li>\r\n		<li>Chốt đơn h&agrave;ng, l&ecirc;n đơn h&agrave;ng cho kh&aacute;ch h&agrave;ng.</li>\r\n		<li>Livetream b&aacute;n h&agrave;ng (nếu ứng vi&ecirc;n c&oacute; khả năng), c&oacute; kịch bản, được đ&agrave;o tạo v&agrave; c&oacute; phụ cấp (1.000.000 - 3.000.000).</li>\r\n		<li>Hỗ trợ kh&aacute;ch h&agrave;ng khi kh&aacute;ch h&agrave;ng cần</li>\r\n		<li>Cam kết lương thử việc: 9.000.000 - 10.000.000</li>\r\n	</ul>\r\n	</li>\r\n</ul>\r\n\r\n<ul>\r\n	<li><strong>Số lượng cần tuyển: 10</strong></li>\r\n	<li><strong>Địa điểm l&agrave;m việc:</strong> 398 Cầu Giấy, Quận Cầu Giấy, H&agrave; Nội</li>\r\n</ul>\r\n\r\n<p><strong>2. NH&Acirc;N VI&Ecirc;N CSKH (15.000.000)</strong></p>\r\n\r\n<ul>\r\n	<li><strong>M&ocirc; tả c&ocirc;ng việc:</strong>\r\n\r\n	<ul>\r\n		<li>T&igrave;m hiểu nhu cầu v&agrave; tư vấn về sản phẩm điện thoại, phụ kiện, chương tr&igrave;nh khuyến m&atilde;i, hậu m&atilde;i cho kh&aacute;ch h&agrave;ng.</li>\r\n		<li>Chốt đơn h&agrave;ng, l&ecirc;n đơn h&agrave;ng cho kh&aacute;ch h&agrave;ng.</li>\r\n		<li>Livetream b&aacute;n h&agrave;ng (nếu ứng vi&ecirc;n c&oacute; khả năng), c&oacute; kịch bản, được đ&agrave;o tạo v&agrave; c&oacute; phụ cấp (1.000.000 - 3.000.000).</li>\r\n		<li>Hỗ trợ kh&aacute;ch h&agrave;ng khi kh&aacute;ch h&agrave;ng cần</li>\r\n		<li>Kh&ocirc;ng phải t&igrave;m kiếm kh&aacute;ch h&agrave;ng. Kh&ocirc;ng phải đi thị trường. Chỉ ở văn ph&ograve;ng trực Chat + trực điện thoại hỗ trợ, tư vấn kh&aacute;ch, chốt đơn h&agrave;ng, l&ecirc;n đơn đặt h&agrave;ng sẵn c&oacute; tr&ecirc;n Website.</li>\r\n		<li>Kh&ocirc;ng &aacute;p lực doanh số.</li>\r\n		<li>Cam kết lương thử việc: 9.000.000 - 10.000.000</li>\r\n	</ul>\r\n	</li>\r\n</ul>\r\n\r\n<ul>\r\n	<li><strong>Số lượng cần tuyển: 10</strong></li>\r\n	<li><strong>Địa điểm l&agrave;m việc:</strong> 120 Th&aacute;i H&agrave;, Đống Đa, H&agrave; Nội</li>\r\n</ul>\r\n\r\n<p><strong>3. NH&Acirc;N VI&Ecirc;N LỄ T&Acirc;N&nbsp;(15.000.000)</strong></p>\r\n\r\n<ul>\r\n	<li><strong>M&ocirc; tả c&ocirc;ng việc:</strong>\r\n\r\n	<ul>\r\n		<li>Tư vấn v&agrave; tiếp nhận điện thoại sửa chữa theo đ&uacute;ng t&igrave;nh trạng kiểm tra.</li>\r\n		<li>Chuyển m&aacute;y cho thợ sửa chữa, Quản l&yacute; t&igrave;nh trạng m&aacute;y đang sửa chữa, th&ocirc;ng b&aacute;o t&igrave;nh trạng tới kh&aacute;ch h&agrave;ng.</li>\r\n		<li>Giao trả m&aacute;y đ&atilde; sửa chữa cho kh&aacute;ch h&agrave;ng.</li>\r\n		<li>B&aacute;o c&aacute;o, kiểm k&ecirc; cuối ng&agrave;y.&nbsp;</li>\r\n		<li>Cam kết lương thử việc: 9.000.000 - 10.000.000</li>\r\n	</ul>\r\n	</li>\r\n</ul>\r\n\r\n<ul>\r\n	<li><strong>Số lượng cần tuyển: 05</strong></li>\r\n	<li><strong>Địa điểm l&agrave;m việc:</strong>\r\n	<ul>\r\n		<li>120 Th&aacute;i H&agrave;, Đống Đa, H&agrave; Nội.</li>\r\n		<li>97 H&agrave;m Nghi, Thanh Kh&ecirc;, Đ&agrave; Nẵng</li>\r\n	</ul>\r\n	</li>\r\n</ul>\r\n\r\n<p><strong>4. NH&Acirc;N VI&Ecirc;N KỸ THUẬT PHẦN MỀM, L1&nbsp;(18.000.000)</strong></p>\r\n\r\n<ul>\r\n	<li><strong>M&ocirc; tả c&ocirc;ng việc:</strong>\r\n\r\n	<ul>\r\n		<li>Nhận m&aacute;y chẩn đo&aacute;n lỗi, tư vấn hướng sửa chữa v&agrave; c&aacute;c th&ocirc;ng tin cần thiết cho kh&aacute;ch h&agrave;ng theo quy định.</li>\r\n		<li>C&agrave;i đặt ứng dụng phần mềm, unlock, up ROM m&aacute;y.</li>\r\n		<li>Thực hiện thay thế lỗi đơn giản: Pin, m&agrave;n h&igrave;nh, camera, nắp lưng, loa, mic.</li>\r\n		<li>Thực hiện việc sửa chữa điện thoại đảm bảo tiến độ, chất lượng.</li>\r\n		<li>Phối hợp với Lễ t&acirc;n thẩm định ch&iacute;nh x&aacute;c t&igrave;nh trạng m&aacute;y của kh&aacute;ch h&agrave;ng.</li>\r\n		<li>Cam kết lương thử việc: 10.000.000 - 12.000.000</li>\r\n	</ul>\r\n	</li>\r\n</ul>\r\n\r\n<ul>\r\n	<li><strong>Số lượng cần tuyển: 10</strong></li>\r\n	<li><strong>Địa điểm l&agrave;m việc:</strong>&nbsp;\r\n	<ul>\r\n		<li>398 Cầu Giấy, Quận Cầu Giấy, H&agrave; Nội</li>\r\n		<li>42 Phố Vọng, Hai B&agrave; Trưng, H&agrave; Nội</li>\r\n	</ul>\r\n	</li>\r\n</ul>\r\n\r\n<p><strong>5. NH&Acirc;N VI&Ecirc;N KỸ THUẬT &Eacute;P K&Iacute;NH&nbsp;(25.000.000)</strong></p>\r\n\r\n<ul>\r\n	<li><strong>M&ocirc; tả c&ocirc;ng việc:</strong>\r\n\r\n	<ul>\r\n		<li>Nhận m&aacute;y chẩn đo&aacute;n lỗi, tư vấn hướng sửa chữa v&agrave; c&aacute;c th&ocirc;ng tin cần thiết cho kh&aacute;ch h&agrave;ng theo quy định.&nbsp;</li>\r\n		<li>Thay thế linh kiện cho điện thoại v&agrave; m&aacute;y t&iacute;nh bảng...</li>\r\n		<li>&Eacute;p k&iacute;nh m&agrave;n thẳng tối thiểu đến iPhone 8 Plus, &eacute;p được m&agrave;n cong l&agrave; một lợi thế&nbsp;</li>\r\n		<li>Kiểm tra lại t&igrave;nh trạng hoạt động của m&aacute;y, đảm bảo chất lượng sau sửa chữa&nbsp;</li>\r\n		<li>Thực hiện việc sửa chữa điện thoại đảm bảo tiến độ, chất lượng.</li>\r\n		<li>Phối hợp với Lễ t&acirc;n thẩm định ch&iacute;nh x&aacute;c t&igrave;nh trạng m&aacute;y của kh&aacute;ch h&agrave;ng.</li>\r\n	</ul>\r\n	</li>\r\n</ul>\r\n\r\n<ul>\r\n	<li><strong>Số lượng cần tuyển: 05</strong></li>\r\n	<li><strong>Địa điểm l&agrave;m việc:</strong>&nbsp;\r\n	<ul>\r\n		<li>398 Cầu Giấy, Quận Cầu Giấy, H&agrave; Nội</li>\r\n		<li>42 Phố Vọng, Hai B&agrave; Trưng, H&agrave; Nội</li>\r\n	</ul>\r\n	</li>\r\n</ul>\r\n', 'viber-image-2022-06-22-10-49-59-538.jpg', '2023-12-31 11:51:50', 1, 4),
(17, 'Danh sách điện thoại cập nhật HyperOS chính thức tháng 12 2023', '<p>Đ&acirc;y l&agrave; danh s&aacute;ch <strong>điện thoại cập nhật HyperOS</strong> ch&iacute;nh thức. Hệ điều h&agrave;nh mới của Xiaomi đ&atilde; ra mắt ch&iacute;nh thức tại thị trường Trung Quốc v&agrave;o cuối th&aacute;ng 10 vừa qua, tới nay, sau một khoảng thời gian ch&uacute;ng ta đ&atilde; c&oacute; danh s&aacute;ch điện thoại Xiaomi, Redmi, POCO được cập nhật HyperOS ch&iacute;nh thức. Những mẫu điện thoại được liệt k&ecirc; trong&nbsp;danh s&aacute;ch <a href=\"https://mobilecity.vn/tin-tuc/danh-sach-dien-thoai-cap-nhat-hyperos.html\" target=\"_blank\">điện thoại cập nhật HyperOS</a>&nbsp;dưới đ&acirc;y sẽ bắt đầu nhận được bản cập nhật từ th&aacute;ng 12 2023 hoặc th&aacute;ng 1 2024.</p>\r\n\r\n<h2>Danh s&aacute;ch điện thoại cập nhật HyperOS ch&iacute;nh thức</h2>\r\n\r\n<p>Tuy nhi&ecirc;n, cần lưu &yacute; rằng đến thời điểm hiện tại, Xiaomi vẫn chưa đưa ra th&ocirc;ng b&aacute;o ch&iacute;nh thức về danh s&aacute;ch c&aacute;c thiết bị sẽ nhận được bản cập nhật HyperOS. Trong b&agrave;i viết to&agrave;n diện n&agrave;y, ch&uacute;ng ta sẽ xem x&eacute;t c&aacute;c thiết bị c&oacute; khả năng nhận được bản cập nhật, những thiết bị c&oacute; thể bỏ lỡ v&agrave; c&aacute;c yếu tố ảnh hưởng đến c&aacute;c quyết định n&agrave;y. Nếu bạn đang h&aacute;o hức chờ đợi bản cập nhật HyperOS cho thiết bị Xiaomi, POCO hoặc Redmi của m&igrave;nh, h&atilde;y tiếp tục đọc để biết tổng quan chi tiết về t&igrave;nh huống n&agrave;y.<a href=\"https://mobilecity.vn/tin-tuc/danh-sach-dien-thoai-cap-nhat-hyperos.html\" target=\"_blank\"><img alt=\"Danh sách điện thoại cập nhật HyperOS chính thức tháng 12 2023\" src=\"https://mobilecity.vn/px.gif?utm_source=dmca_copy&amp;utm_medium=Danh%20s%C3%A1ch%20%C4%91i%E1%BB%87n%20tho%E1%BA%A1i%20c%E1%BA%ADp%20nh%E1%BA%ADt%20HyperOS%20ch%C3%ADnh%20th%E1%BB%A9c%20th%C3%A1ng%2012%202023&amp;utm_campaign=https://mobilecity.vn/tin-tuc/danh-sach-dien-thoai-cap-nhat-hyperos.html&amp;utm_content=%C4%90%C3%A2y%20l%C3%A0%20danh%20s%C3%A1ch%20%C4%91i%E1%BB%87n%20tho%E1%BA%A1i%20c%E1%BA%ADp%20nh%E1%BA%ADt%20HyperOS%20ch%C3%ADnh%20th%E1%BB%A9c.%20H%E1%BB%87%20%C4%91i%E1%BB%81u%20h%C3%A0nh%20m%E1%BB%9Bi%20c%E1%BB%A7a%20Xiaomi%20%C4%91%C3%A3%20ra%20m%E1%BA%AFt%20ch%C3%ADnh%20th%E1%BB%A9c%20v%C3%A0o%20cu%E1%BB%91i%20th%C3%A1ng%2010%20v%E1%BB%ABa%20qua%20v%C3%A0%20s%E1%BA%BD%20%C4%91%C6%B0%E1%BB%A3c%20tung%20ra%20trong%20th%C3%A1ng%2012.\" style=\"height:1px; width:1px\" /></a><a href=\"https://mobilecity.vn\" target=\"_blank\"><img alt=\"This article is referenced content from https://mobilecity.vn - Danh sách điện thoại cập nhật HyperOS chính thức tháng 12 2023\" src=\"https://mobilecity.vn/px.gif?utm_source=dmca_copy&amp;utm_medium=Danh%20s%C3%A1ch%20%C4%91i%E1%BB%87n%20tho%E1%BA%A1i%20c%E1%BA%ADp%20nh%E1%BA%ADt%20HyperOS%20ch%C3%ADnh%20th%E1%BB%A9c%20th%C3%A1ng%2012%202023&amp;utm_campaign=https://mobilecity.vn/tin-tuc/danh-sach-dien-thoai-cap-nhat-hyperos.html&amp;utm_content=%C4%90%C3%A2y%20l%C3%A0%20danh%20s%C3%A1ch%20%C4%91i%E1%BB%87n%20tho%E1%BA%A1i%20c%E1%BA%ADp%20nh%E1%BA%ADt%20HyperOS%20ch%C3%ADnh%20th%E1%BB%A9c.%20H%E1%BB%87%20%C4%91i%E1%BB%81u%20h%C3%A0nh%20m%E1%BB%9Bi%20c%E1%BB%A7a%20Xiaomi%20%C4%91%C3%A3%20ra%20m%E1%BA%AFt%20ch%C3%ADnh%20th%E1%BB%A9c%20v%C3%A0o%20cu%E1%BB%91i%20th%C3%A1ng%2010%20v%E1%BB%ABa%20qua%20v%C3%A0%20s%E1%BA%BD%20%C4%91%C6%B0%E1%BB%A3c%20tung%20ra%20trong%20th%C3%A1ng%2012.\" style=\"height:1px; width:1px\" /></a></p>\r\n\r\n<h3>Điện thoại Xiaomi</h3>\r\n\r\n<p>Trước ti&ecirc;n ch&uacute;ng ta sẽ tới với những mẫu điện thoại mang thương hiệu Xiaomi trước, nh&atilde;n hiệu ch&iacute;nh được ưu &aacute;i nhất từ Tiểu Mễ. Những điện thoại&nbsp;Xiaomi được cập nhật l&ecirc;n&nbsp;HyperOS ch&iacute;nh thức gồm:</p>\r\n\r\n<p><strong>Danh s&aacute;ch điện thoại&nbsp;Xiaomi được cập nhật l&ecirc;n&nbsp;HyperOS:</strong></p>\r\n\r\n<ul>\r\n	<li>Xiaomi 13T Pro / Xiaomi 13T</li>\r\n	<li>Xiaomi 13 Ultra</li>\r\n	<li>Xiaomi 13 Pro</li>\r\n	<li><a href=\"https://mobilecity.vn/dien-thoai/xiaomi-13.html\" target=\"_blank\">Xiaomi 13</a></li>\r\n	<li>Xiaomi 13 Lite</li>\r\n	<li>Xiaomi 12T Pro</li>\r\n	<li>Xiaomi 12T</li>\r\n	<li>Xiaomi 12 Lite 5G</li>\r\n	<li>Xiaomi 12S Ultra</li>\r\n	<li>Xiaomi 12S Pro</li>\r\n	<li>Xiaomi 12S</li>\r\n	<li>Xiaomi 12 Pro Dimensity</li>\r\n	<li>Xiaomi 12 Pro</li>\r\n	<li>Xiaomi 12</li>\r\n	<li>Xiaomi 12X</li>\r\n	<li>Xiaomi 11T Pro</li>\r\n	<li>Xiaomi 11T</li>\r\n	<li>Xiaomi 11 Ultra</li>\r\n	<li>Xiaomi 11 Pro</li>\r\n	<li>Xiaomi 11</li>\r\n	<li>Xiaomi Mi 11X</li>\r\n	<li>Xiaomi Mi 11X Pro</li>\r\n	<li>Xiaomi Mi 11i</li>\r\n	<li>Xiaomi 11i / 11i Hypercharge</li>\r\n	<li>Xiaomi 11 Lite 4G</li>\r\n	<li>Xiaomi 11 Lite 5G NE</li>\r\n	<li>Xiaomi 10S</li>\r\n	<li>Xiaomi 10 Ultra</li>\r\n	<li>Xiaomi 10 Pro</li>\r\n	<li>Xiaomi 10</li>\r\n	<li>Xiaomi MIX FOLD</li>\r\n	<li>Xiaomi MIX FOLD 2</li>\r\n	<li>Xiaomi MIX FOLD 3</li>\r\n	<li>Xiaomi MIX 4</li>\r\n	<li>Xiaomi Civi</li>\r\n	<li>Xiaomi Civi 1S</li>\r\n	<li>Xiaomi Civi 2</li>\r\n	<li>Xiaomi Civi 3</li>\r\n	<li><a href=\"https://mobilecity.vn/may-tinh-bang/xiaomi-pad-6.html\" target=\"_blank\">Xiaomi Pad 6</a> / Pro / Max</li>\r\n	<li>Xiaomi Pad 5</li>\r\n	<li>Xiaomi Pad 5 Pro 5G / Pad 5 Pro Wifi</li>\r\n</ul>\r\n\r\n<h3>Điện thoại Redmi</h3>\r\n\r\n<p>Thương hiệu con kh&aacute;c của Xiaomi, Redmi, c&oacute; nhiều loại thiết bị phục vụ nhiều ph&acirc;n kh&uacute;c thị trường kh&aacute;c nhau. C&aacute;ch tiếp cận của Xiaomi để cập nhật c&aacute;c thiết bị Redmi kh&aacute;c nhau giữa thị trường Trung Quốc v&agrave; To&agrave;n cầu. Tại Trung Quốc, Xiaomi c&oacute; xu hướng ưu ti&ecirc;n cập nhật cho c&aacute;c thiết bị Redmi.</p>\r\n\r\n<p><strong>Danh s&aacute;ch đầy đủ c&aacute;c thiết bị Redmi ​​sẽ nhận được bản cập nhật HyperOS:</strong></p>\r\n\r\n<ul>\r\n	<li>Redmi K40</li>\r\n	<li>Redmi K40S</li>\r\n	<li>Redmi K40 Pro / Pro+</li>\r\n	<li>Redmi K40 Gaming</li>\r\n	<li>Redmi K50</li>\r\n	<li>Redmi K50i</li>\r\n	<li>Redmi K50i Pro</li>\r\n	<li>Redmi K50 Pro</li>\r\n	<li>Redmi K50&nbsp;Gaming</li>\r\n	<li>Redmi K50 Ultra</li>\r\n	<li><a href=\"https://mobilecity.vn/dien-thoai/xiaomi-redmi-k60e-dimensity-8200.html\" target=\"_blank\">Redmi K60E</a></li>\r\n	<li><a href=\"https://mobilecity.vn/dien-thoai/xiaomi-redmi-k60.html\" target=\"_blank\">Redmi K60</a></li>\r\n	<li><a href=\"https://mobilecity.vn/dien-thoai/xiaomi-redmi-k60-pro.html\" target=\"_blank\">Redmi K60 Pro</a></li>\r\n	<li><a href=\"https://mobilecity.vn/dien-thoai/xiaomi-redmi-k60-ultra-cau-hinh-sieu-cao.html\" target=\"_blank\">Redmi K60 Ultra</a></li>\r\n	<li>Redmi Note 10 5G / Redmi Note 11SE / Redmi Note 10T 5G</li>\r\n	<li>Redmi Note 10 Pro 5G</li>\r\n	<li>Redmi Note 10T</li>\r\n	<li>Redmi Note 10S / Redmi Note 11SE Ấn Độ</li>\r\n	<li>Redmi Note 10 Pro</li>\r\n	<li>Redmi 10 / Redmi 10 2022 / Redmi 10 Prime / Redmi Note 11 4G</li>\r\n	<li>Redmi Note 11E / Redmi 10 5G / Redmi 11 Prime 5G</li>\r\n	<li>Redmi Note 11R</li>\r\n	<li>Redmi 10C / Redmi 10 Power</li>\r\n	<li>Redmi 11 Prime 4G</li>\r\n	<li>Redmi Note 11 4G / 11 NFC 4G</li>\r\n	<li>Redmi Note 11 5G / Redmi Note 11T 5G</li>\r\n	<li>Redmi Note 11S</li>\r\n	<li>Redmi Note 11S 5G</li>\r\n	<li>Redmi Note 11 Pro 4G</li>\r\n	<li>Redmi Note 11 Pro 5G / Redmi Note 11E Pro</li>\r\n	<li>Redmi Note 11 Pro+ 5G</li>\r\n	<li>Redmi Note 11T Pro / 11T Pro+</li>\r\n	<li>Redmi Note 12 4G / 4G NFC</li>\r\n	<li>Redmi 12C</li>\r\n	<li>Redmi 12</li>\r\n	<li>Redmi Note 12 Turbo</li>\r\n	<li>Redmi Note 12T Pro</li>\r\n	<li>Redmi Note 12 Pro Speed</li>\r\n	<li>Redmi Note 12 Pro 5G / Pro+ 5G / Discovery</li>\r\n	<li>Redmi Note 12S</li>\r\n	<li>Redmi Note 12R / Redmi 12 5G</li>\r\n	<li>Redmi Note 12 5G / Note 12R Pro</li>\r\n	<li>Redmi Note 13 4G / 4G NFC</li>\r\n	<li><a href=\"https://mobilecity.vn/dien-thoai/xiaomi-redmi-note-13-gia-re.html\" target=\"_blank\">Redmi Note 13</a> 5G</li>\r\n	<li>Redmi Note 13 Pro 4G</li>\r\n	<li><a href=\"https://mobilecity.vn/dien-thoai/xiaomi-redmi-note-13-pro-cau-hinh-manh.html\" target=\"_blank\">Redmi Note 13 Pro</a> 5G</li>\r\n	<li>Redmi Note 13 Pro+ 5G</li>\r\n	<li>Redmi Note 13R Pro</li>\r\n	<li>Redmi 13C</li>\r\n	<li>Redmi 13C 5G</li>\r\n</ul>\r\n\r\n<h3>Điện thoại POCO</h3>\r\n\r\n<p>Thương hiệu phụ POCO của Xiaomi đ&atilde; trở n&ecirc;n phổ biến nhờ c&aacute;c thiết bị đ&aacute;ng gi&aacute; tiền. Bản cập nhật HyperOS sẽ bao gồm c&aacute;c thiết bị POCO sau:</p>\r\n\r\n<ul>\r\n	<li>POCO F5 Pro</li>\r\n	<li>POCO F5</li>\r\n	<li>POCO F4 GT</li>\r\n	<li>POCO F4</li>\r\n	<li>POCO F3</li>\r\n	<li>POCO F3 GT</li>\r\n	<li>POCO X6 Neo</li>\r\n	<li>POCO X6 5G</li>\r\n	<li>POCO X5 Pro 5G</li>\r\n	<li>POCO X5 5G</li>\r\n	<li>POCO X4 GT</li>\r\n	<li>POCO X4 Pro 5G</li>\r\n	<li>POCO M6 Pro 5G</li>\r\n	<li>POCO M6 5G</li>\r\n	<li>POCO M5</li>\r\n	<li>POCO M5</li>\r\n	<li>POCO M4 Pro 5G</li>\r\n	<li>POCO M4 Pro 4G</li>\r\n	<li>POCO M4 5G</li>\r\n	<li>POCO C55</li>\r\n	<li>POCO C65</li>\r\n</ul>\r\n\r\n<p>Điều quan trọng cần đề cập l&agrave; Xiaomi ưu ti&ecirc;n thị trường Trung Quốc cho c&aacute;c thiết bị Redmi khi n&oacute;i đến c&aacute;c bản cập nhật HyperOS. C&oacute; nghĩa l&agrave; c&aacute;c mẫu điện thoại x&aacute;ch tay đang c&agrave;i sẵn ROM gốc của thị trường nội địa sẽ nhận được bản cập nhật trước.</p>\r\n\r\n<h2>C&aacute;c mẫu điện thoại kh&ocirc;ng được cập nhật&nbsp;HyperOS</h2>\r\n\r\n<p>Mặc d&ugrave; c&oacute; sự phấn kh&iacute;ch v&agrave; mong đợi xung quanh bản cập nhật HyperOS, nhưng điều cần thiết l&agrave; phải nhận ra rằng kh&ocirc;ng phải tất cả c&aacute;c thiết bị đều nhận được bản cập nhật n&agrave;y. Xiaomi đ&atilde; n&oacute;i r&otilde; rằng một số thiết bị nhất định sẽ kh&ocirc;ng được đưa v&agrave;o đợt giới thiệu bản cập nhật, với l&yacute; do l&agrave; khả năng tương th&iacute;ch v&agrave; c&aacute;c yếu tố kh&aacute;c. Dưới đ&acirc;y l&agrave; danh s&aacute;ch c&aacute;c thiết bị c&oacute; thể kh&ocirc;ng nhận được bản cập nhật HyperOS:</p>\r\n\r\n<h3>Redmi K30 Series</h3>\r\n\r\n<p>D&ograve;ng Redmi K30, bao gồm Redmi K30, Redmi K30 5G, Redmi K30 Racing, Redmi K30i v&agrave; c&aacute;c biến thể như Mi 10T, Pro v&agrave; POCO F2 Pro, kh&oacute; c&oacute; thể nằm trong bản cập nhật HyperOS. Mặc d&ugrave; Xiaomi đ&atilde; ch&iacute;nh thức đề cập đến việc loại trừ họ, nhưng đ&oacute; l&agrave; sự kết hợp giữa c&aacute;c hạn chế về phần cứng v&agrave; c&aacute;c quyết định chiến lược cho thấy c&aacute;c thiết bị n&agrave;y c&oacute; thể kh&ocirc;ng nhận được bản cập nhật. Người d&ugrave;ng c&aacute;c thiết bị n&agrave;y n&ecirc;n chuẩn bị cho khả năng kh&ocirc;ng nhận được bản cập nhật MIUI mới nhất, điều n&agrave;y c&oacute; thể hạn chế quyền truy cập của họ v&agrave;o c&aacute;c t&iacute;nh năng v&agrave; cải tiến mới.</p>\r\n\r\n<p><img alt=\"Redmi K30 Series\" src=\"https://cdn.mobilecity.vn/mobilecity-vn/images/2023/12/danh-sach-dien-thoai-xiaomi-redmi-poco-cap-nhat-hyperos-2.jpg.webp\" style=\"height:450px; width:600px\" /></p>\r\n\r\n<p><em>Redmi K30 Series</em></p>\r\n\r\n<h3>Redmi Note 9&nbsp;Series</h3>\r\n\r\n<p>C&aacute;c d&ograve;ng Redmi Note 9, bao gồm Redmi Note 9, Redmi Note 9 5G, Redmi Note 9T, Redmi Note 9 Pro, Redmi Note 9 Pro Max v&agrave; Redmi Note 9S, dự kiến ​​sẽ kh&ocirc;ng nhận được bản cập nhật HyperOS. Mặc d&ugrave; l&yacute; do ch&iacute;nh x&aacute;c cho việc loại trừ ch&uacute;ng kh&ocirc;ng được chỉ định, nhưng c&oacute; thể c&aacute;c yếu tố như khả năng phần cứng v&agrave; giới hạn hiệu suất đ&oacute;ng một vai tr&ograve; n&agrave;o đ&oacute;. Thật kh&ocirc;ng may, người d&ugrave;ng c&aacute;c thiết bị n&agrave;y c&oacute; thể phải tiếp tục sử dụng phi&ecirc;n bản MIUI hiện tại v&agrave; sẽ kh&ocirc;ng thể tận hưởng những cải tiến v&agrave; tối ưu h&oacute;a do HyperOS mang lại.</p>\r\n\r\n<p><img alt=\"Redmi Note 9 Series\" src=\"https://cdn.mobilecity.vn/mobilecity-vn/images/2023/12/danh-sach-dien-thoai-xiaomi-redmi-poco-cap-nhat-hyperos-4.jpg.webp\" style=\"height:450px; width:600px\" /></p>\r\n\r\n<p><em>Redmi Note 9&nbsp;Series</em></p>\r\n\r\n<h3>Redmi 10X v&agrave; Redmi 10X 5G</h3>\r\n\r\n<p>Redmi 10X v&agrave; Redmi 10X 5G cũng kh&oacute; c&oacute; thể nhận được bản cập nhật HyperOS. Nhiều yếu tố kh&aacute;c nhau, chẳng hạn như hạn chế về phần cứng hoặc c&aacute;c quyết định chiến lược do Xiaomi đưa ra, c&oacute; thể g&oacute;p phần khiến họ bị loại khỏi qu&aacute; tr&igrave;nh triển khai HyperOS. Mặc d&ugrave; điều n&agrave;y g&acirc;y thất vọng cho người d&ugrave;ng c&aacute;c thiết bị n&agrave;y nhưng họ n&ecirc;n lưu &yacute; rằng họ c&oacute; thể kh&ocirc;ng c&oacute; quyền truy cập v&agrave;o c&aacute;c t&iacute;nh năng v&agrave; cải tiến mới được giới thiệu trong HyperOS.</p>\r\n\r\n<p><img alt=\"Redmi 10X và Redmi 10X 5G\" src=\"https://cdn.mobilecity.vn/mobilecity-vn/images/2023/12/danh-sach-dien-thoai-xiaomi-redmi-poco-cap-nhat-hyperos-3.jpg.webp\" style=\"height:450px; width:600px\" /></p>\r\n\r\n<p><em>Redmi 10X v&agrave; Redmi 10X 5G</em></p>\r\n\r\n<p>Ngo&agrave;i ra c&ograve;n c&aacute;c d&ograve;ng m&aacute;y như:&nbsp;Redmi 9,&nbsp;POCO M2, POCO M2 Pro, POCO M3 v&agrave; POCO X2,&nbsp;POCO X3 v&agrave; POCO X3 NFC,&nbsp;Redmi Note 10 v&agrave; Redmi Note 10 Lite,&nbsp;Redmi A1, POCO C40 v&agrave; POCO C50</p>\r\n\r\n<h2>Kết luận</h2>\r\n\r\n<p>Bản cập nhật HyperOS đang tạo ra sự phấn kh&iacute;ch đ&aacute;ng kể cho người d&ugrave;ng Xiaomi, nhưng vẫn c&ograve;n một số điều kh&ocirc;ng chắc chắn xung quanh c&aacute;c thiết bị sẽ nhận được bản cập nhật n&agrave;y. Xiaomi chưa ch&iacute;nh thức x&aacute;c nhận danh s&aacute;ch c&aacute;c thiết bị tương th&iacute;ch v&agrave; quyết định n&agrave;y bị ảnh hưởng bởi một số yếu tố, bao gồm khả năng phần cứng, c&acirc;n nhắc về hiệu suất v&agrave; nhu cầu của người d&ugrave;ng.</p>\r\n\r\n<p>Tr&ecirc;n đ&acirc;y l&agrave; danh s&aacute;ch điện thoại cập nhật HyperOS ch&iacute;nh thức th&aacute;ng 12 2023, thiết bị của bạn c&oacute; trong số smartphone ph&iacute;a tr&ecirc;n kh&ocirc;ng?</p>\r\n', 'danh-sach-dien-thoai-xiaomi-redmi-poco-cap-nhat-hyperos.jpg', '2023-12-31 17:10:00', 1, 1),
(18, 'Vivo T3 5G ra mắt: Chiến binh tầm trung mạnh mẽ với chip Dimensity 7200, giá hấp dẫn', '<p>Mới đ&acirc;y, Vivo ch&iacute;nh thức c&ocirc;ng bố mẫu điện thoại th&ocirc;ng minh&nbsp;<strong>Vivo T3 5G ra mắt</strong> tại thị trường Ấn Độ. Sản phẩm được trang bị cấu h&igrave;nh đ&aacute;ng ch&uacute; &yacute; đi k&egrave;m với con chip&nbsp;Dimensity mạnh mẽ v&agrave; camera Sony chất lượng, hứa hẹn sẽ đem đến trải nghiệm hấp dẫn nhất cho người d&ugrave;ng. H&atilde;y c&ugrave;ng kh&aacute;m ph&aacute; c&aacute;c th&ocirc;ng tin t&iacute;nh năng nổi bật nhất của m&aacute;y trong b&agrave;i viết&nbsp;<a href=\"https://mobilecity.vn/tin-tuc/vivo-t3-5g-ra-mat-voi-chip-dimensity-7200.html\" target=\"_blank\">Vivo T3 5G ra mắt</a> ngay dưới đ&acirc;y nh&eacute;.</p>\r\n\r\n<h2>Vivo T3 5G ra mắt</h2>\r\n\r\n<p>Thương hiệu <a href=\"https://mobilecity.vn/dien-thoai-vivo\" target=\"_blank\">Vivo</a> ch&iacute;nh thức x&aacute;c nhận ng&agrave;y ra mắt d&ograve;ng điện thoại&nbsp;Vivo T3 5G tại thị trường Ấn Độ. Theo đ&oacute;, chiếc điện thoại n&agrave;y sẽ được tr&igrave;nh l&agrave;ng v&agrave;o ng&agrave;y 21 th&aacute;ng 3 với thiết kế ấn tượng.&nbsp;Ở mặt trước, thiết bị c&oacute; m&agrave;n h&igrave;nh đục lỗ v&agrave; mặt sau của n&oacute; c&oacute; m&ocirc;-đun m&aacute;y ảnh h&igrave;nh chữ nhật, dường như c&oacute; hai camera, cảm biến nhấp nh&aacute;y v&agrave; đ&egrave;n flash LED.<a href=\"https://mobilecity.vn/tin-tuc/vivo-t3-5g-ra-mat-voi-chip-dimensity-7200.html\" target=\"_blank\"><img alt=\"Vivo T3 5G ra mắt: Chiến binh tầm trung mạnh mẽ với chip Dimensity 7200, giá hấp dẫn\" src=\"https://mobilecity.vn/px.gif?utm_source=dmca_copy&amp;utm_medium=Vivo%20T3%205G%20ra%20m%E1%BA%AFt:%20Chi%E1%BA%BFn%20binh%20t%E1%BA%A7m%20trung%20m%E1%BA%A1nh%20m%E1%BA%BD%20v%E1%BB%9Bi%20chip%20Dimensity%207200,%20gi%C3%A1%20h%E1%BA%A5p%20d%E1%BA%ABn&amp;utm_campaign=https://mobilecity.vn/tin-tuc/vivo-t3-5g-ra-mat-voi-chip-dimensity-7200.html&amp;utm_content=Vivo%20ch%C3%ADnh%20th%E1%BB%A9c%20c%C3%B4ng%20b%E1%BB%91%20m%E1%BA%ABu%20%C4%91i%E1%BB%87n%20tho%E1%BA%A1i%20th%C3%B4ng%20minh%C2%A0Vivo%20T3%205G%20ra%20m%E1%BA%AFt%20t%E1%BA%A1i%20th%E1%BB%8B%20tr%C6%B0%E1%BB%9Dng%20%E1%BA%A4n%20%C4%90%E1%BB%99.%20C%C3%B9ng%20kh%C3%A1m%20ph%C3%A1%20c%C3%A1c%20t%C3%ADnh%20n%C4%83ng%20n%E1%BB%95i%20b%E1%BA%ADt%20c%E1%BB%A7a%20thi%E1%BA%BFt%20b%E1%BB%8B%20trong%20b%C3%A0i%20vi%E1%BA%BFt%20n%C3%A0y%20nh%C3%A9.\" style=\"height:1px; width:1px\" /></a><a href=\"https://mobilecity.vn\" target=\"_blank\"><img alt=\"This article is referenced content from https://mobilecity.vn - Vivo T3 5G ra mắt: Chiến binh tầm trung mạnh mẽ với chip Dimensity 7200, giá hấp dẫn\" src=\"https://mobilecity.vn/px.gif?utm_source=dmca_copy&amp;utm_medium=Vivo%20T3%205G%20ra%20m%E1%BA%AFt:%20Chi%E1%BA%BFn%20binh%20t%E1%BA%A7m%20trung%20m%E1%BA%A1nh%20m%E1%BA%BD%20v%E1%BB%9Bi%20chip%20Dimensity%207200,%20gi%C3%A1%20h%E1%BA%A5p%20d%E1%BA%ABn&amp;utm_campaign=https://mobilecity.vn/tin-tuc/vivo-t3-5g-ra-mat-voi-chip-dimensity-7200.html&amp;utm_content=Vivo%20ch%C3%ADnh%20th%E1%BB%A9c%20c%C3%B4ng%20b%E1%BB%91%20m%E1%BA%ABu%20%C4%91i%E1%BB%87n%20tho%E1%BA%A1i%20th%C3%B4ng%20minh%C2%A0Vivo%20T3%205G%20ra%20m%E1%BA%AFt%20t%E1%BA%A1i%20th%E1%BB%8B%20tr%C6%B0%E1%BB%9Dng%20%E1%BA%A4n%20%C4%90%E1%BB%99.%20C%C3%B9ng%20kh%C3%A1m%20ph%C3%A1%20c%C3%A1c%20t%C3%ADnh%20n%C4%83ng%20n%E1%BB%95i%20b%E1%BA%ADt%20c%E1%BB%A7a%20thi%E1%BA%BFt%20b%E1%BB%8B%20trong%20b%C3%A0i%20vi%E1%BA%BFt%20n%C3%A0y%20nh%C3%A9.\" style=\"height:1px; width:1px\" /></a></p>\r\n\r\n<p><img alt=\"Vivo T3 5G ra mắt ngày 21/3\" src=\"https://cdn.mobilecity.vn/mobilecity-vn/images/2024/03/vivo-t3-5g-ra-mat-21-3.jpg.webp\" style=\"height:450px; width:600px\" /></p>\r\n\r\n<p><em>Vivo T3 5G ra mắt ng&agrave;y 21/3</em></p>\r\n\r\n<p>Ngo&agrave;i ra, <a href=\"https://mobilecity.vn/dien-thoai/vivo-t3-5g-dimensity-7200.html\" target=\"_blank\">Vivo T3 5G</a> sẽ được trang bị loa k&eacute;p. C&aacute;c chi tiết kh&aacute;c của điện thoại th&ocirc;ng minh vẫn chưa được x&aacute;c nhận, tuy nhi&ecirc;n, c&aacute;c nguồn tin suy đo&aacute;n rằng thiết bị n&agrave;y c&oacute; thể giống với iQOO Z9 5G, vừa mới ra mắt tại nước n&agrave;y.</p>\r\n\r\n<h3>Chipset Dimensity&nbsp;7200</h3>\r\n\r\n<p>Vivo T3 dự kiến ​​​​sẽ được trang bị chipset&nbsp;Dimensity 7200&nbsp;được x&acirc;y dựng tr&ecirc;n tiến tr&igrave;nh 4nm ti&ecirc;n tiến nhất của TSMC, mang đến hiệu suất xử l&yacute; mượt m&agrave;, ổn định.&nbsp;Con chip n&agrave;y sở hữu CPU 8 nh&acirc;n bao gồm 2 nh&acirc;n Cortex-A715 chạy ở xung nhịp 2.8GHz kết hợp 6 nh&acirc;n&nbsp;Cortex-A510 cho thời lượng pin l&acirc;u d&agrave;i, đồng thời, đảm bảo hiệu năng cho ra ở mức tối đa.</p>\r\n\r\n<p>Đoạn giới thiệu tr&ecirc;n microsite của Flipkart cũng tiết lộ rằng bộ xử l&yacute; Dimensity 7200 cung cấp năng lượng cho Vivo T3 5G đạt được số điểm AnTuTu ấn tượng tr&ecirc;n 734K+. Điều n&agrave;y khiến n&oacute; trở th&agrave;nh con chip &ldquo;nhanh nhất trong ph&acirc;n kh&uacute;c&rdquo;, theo Vivo.</p>\r\n\r\n<p><img alt=\"vivo-t3-5g-ra-mat-chip\" src=\"https://cdn.mobilecity.vn/mobilecity-vn/images/2024/03/vivo-t3-5g-ra-mat-chip.jpg.webp\" style=\"height:450px; width:600px\" /></p>\r\n\r\n<p><em>Chipset Dimensity&nbsp;7200</em></p>\r\n\r\n<p>Điện thoại c&ograve;n được cung cấp 8 GB RAM, cho khả năng xử l&yacute; nhanh ch&oacute;ng v&agrave; mượt m&agrave; c&aacute;c t&aacute;c vụ đa nhiệm v&agrave; ứng dụng nặng. Vivo T3 cũng c&oacute; dung lượng lưu trữ lớn, với hai t&ugrave;y chọn l&agrave; 128 GB v&agrave; 256 GB, cho ph&eacute;p người d&ugrave;ng lưu trữ nhiều ảnh, video, tệp tin v&agrave; ứng dụng m&agrave; kh&ocirc;ng lo hết dung lượng.&nbsp;Ngo&agrave;i ra, thiết bị sẽ chạy tr&ecirc;n Android 14 dựa tr&ecirc;n FunTouch OS 14.</p>\r\n\r\n<h3>M&agrave;n h&igrave;nh AMOLED FHD+ 6.67 inch</h3>\r\n\r\n<p>Theo c&aacute;c b&aacute;o c&aacute;o gần đ&acirc;y, Vivo T3 5G sẽ sử dụng m&agrave;n h&igrave;nh AMOLED k&iacute;ch thước lớn 6.67 inch, mang đến m&agrave;u sắc sống động, độ tương phản cao v&agrave; g&oacute;c nh&igrave;n rộng. Độ ph&acirc;n giải Full HD+ đảm bảo h&igrave;nh ảnh r&otilde; n&eacute;t v&agrave; chi tiết. M&agrave;n h&igrave;nh của Vivo T3 5G cũng được cải tiến với tốc độ l&agrave;m mới 120Hz, mang lại trải nghiệm mượt m&agrave; v&agrave; đ&aacute;p ứng nhanh ch&oacute;ng cho c&aacute;c t&aacute;c vụ của người d&ugrave;ng.</p>\r\n\r\n<p>M&agrave;n h&igrave;nh điện thoại cũng được cho l&agrave; c&oacute; độ s&aacute;ng l&ecirc;n tới 1800 nits, cho ph&eacute;p hiển thị r&otilde; r&agrave;ng v&agrave; sắc n&eacute;t ngay cả trong điều kiện &aacute;nh s&aacute;ng mạnh. Th&ecirc;m v&agrave;o đ&oacute;, Vivo T3 5G cũng t&iacute;ch hợp m&aacute;y qu&eacute;t dấu v&acirc;n tay tr&ecirc;n m&agrave;n h&igrave;nh, đảm bảo t&iacute;nh bảo mật cao v&agrave; tiện lợi cho người d&ugrave;ng.</p>\r\n\r\n<p><img alt=\"vivo-t3-5g-ra-mat-man-hinh\" src=\"https://cdn.mobilecity.vn/mobilecity-vn/images/2024/03/vivo-t3-5g-ra-mat-man-hinh.jpg.webp\" style=\"height:450px; width:600px\" /></p>\r\n\r\n<p><em>M&agrave;n h&igrave;nh AMOLED FHD+ 6.67 inch</em></p>\r\n\r\n<h3>Camera ch&iacute;nh 50MP hỗ trợ OIS</h3>\r\n\r\n<p>Về khả năng chụp ảnh,&nbsp;Vivo T3 được thiết lập&nbsp;hệ thống camera sau đ&aacute;ng ch&uacute; &yacute;.&nbsp;Camera ch&iacute;nh được cho l&agrave; sử dụng cảm biến Sony IMX882 với độ ph&acirc;n giải 50MP, cho ph&eacute;p người d&ugrave;ng chụp ảnh với độ chi tiết cao v&agrave; khả năng t&aacute;i tạo m&agrave;u sắc ch&iacute;nh x&aacute;c. Đặc biệt, t&iacute;nh năng ổn định h&igrave;nh ảnh quang học OIS được t&iacute;ch hợp, gi&uacute;p giảm rung v&agrave; mờ khi chụp ảnh hoặc quay video, đảm bảo h&igrave;nh ảnh r&otilde; r&agrave;ng v&agrave; ổn định hơn.</p>\r\n\r\n<p>Đi k&egrave;m với đ&oacute; l&agrave; ống k&iacute;nh x&oacute;a ph&ocirc;ng c&oacute; độ ph&acirc;n giải 2MP, gi&uacute;p tạo hiệu ứng x&oacute;a ph&ocirc;ng hoặc chế độ chụp ch&acirc;n dung độc đ&aacute;o. Ở mặt trước, m&aacute;y sở hữu camera selfie 16MP, người d&ugrave;ng c&oacute; thể chụp ảnh tự sướng v&agrave; thực hiện cuộc gọi video chất lượng cao.</p>\r\n\r\n<p><img alt=\"vivo-t3-5g-ra-mat-camera\" src=\"https://cdn.mobilecity.vn/mobilecity-vn/images/2024/03/vivo-t3-5g-ra-mat-camera.jpg.webp\" style=\"height:450px; width:600px\" /></p>\r\n\r\n<p><em>Camera ch&iacute;nh 50MP hỗ trợ OIS</em></p>\r\n\r\n<h3>Pin 5.000 mAh v&agrave; sạc nhanh 44W</h3>\r\n\r\n<p>Đối với c&aacute;c t&iacute;nh năng kh&aacute;c, Vivo T3 được cung cấp một pin dung lượng lớn 5.000 mAh,&nbsp;cho ph&eacute;p người d&ugrave;ng sử dụng điện thoại trong thời gian d&agrave;i m&agrave; kh&ocirc;ng cần lo lắng về việc sạc lại. Đồng thời, h&atilde;ng&nbsp;cũng hỗ trợ c&ocirc;ng nghệ sạc nhanh FlashCharge 44W, gi&uacute;p&nbsp;người d&ugrave;ng c&oacute; thể nạp đầy pin nhanh ch&oacute;ng, tiết kiệm thời gian chờ đợi v&agrave; gi&uacute;p duy tr&igrave; hoạt động li&ecirc;n tục của điện thoại.</p>\r\n\r\n<p><img alt=\"vivo-t3-5g-ra-mat-pin\" src=\"https://cdn.mobilecity.vn/mobilecity-vn/images/2024/03/vivo-t3-5g-ra-mat-pin.jpg.webp\" style=\"height:450px; width:600px\" /></p>\r\n\r\n<p><em>Pin 5.000 mAh v&agrave; sạc nhanh 44W</em></p>\r\n\r\n<p>Vivo T3 cũng được trang bị loa &acirc;m thanh nổi k&eacute;p. Hệ thống loa n&agrave;y mang lại &acirc;m thanh r&otilde; r&agrave;ng, sống động v&agrave; mạnh mẽ hơn. Người d&ugrave;ng c&oacute; thể thưởng thức &acirc;m nhạc, xem phim hoặc chơi game với trải nghiệm &acirc;m thanh tốt hơn tr&ecirc;n điện thoại. Hơn nữa, thiết bị cũng t&iacute;ch hợp khe cắm thẻ nhớ microSD hỗ trợ dung lượng lưu trữ bổ sung l&ecirc;n đến 1TB.</p>\r\n\r\n<h2>Vivo T3 5G gi&aacute; bao nhi&ecirc;u tiền?</h2>\r\n\r\n<p>Dự kiến, điện thoại&nbsp;Vivo T3 5G sẽ c&oacute; mức gi&aacute; khoảng&nbsp;20.000 Rupee (tương đương với 5.96 triệu đồng). Sản phẩm sẽ c&oacute; 2 phi&ecirc;n bản m&agrave;u sắc l&agrave;&nbsp;Crystal Flake v&agrave; Cosmic Blue.</p>\r\n\r\n<p>T&oacute;m lại, Vivo T3 5G hứa hẹn sẽ tạo n&ecirc;n cơn sốt mới trong ph&acirc;n kh&uacute;c điện thoại tầm trung với thiết kế thời thượng, hiệu năng mạnh mẽ v&agrave; camera chụp ảnh ấn tượng. H&atilde;y c&ugrave;ng chờ đ&oacute;n sự kiện Vivo T3 5G ra mắt ch&iacute;nh thức v&agrave;o ng&agrave;y 21/3 n&agrave;y nh&eacute;!</p>\r\n', 'vivo-t3-5g-ra-mat.jpg', '2024-03-19 15:25:44', 4, 1),
(19, 'Redmi Note 13 Turbo lộ diện tên mã thiết bị trên IMEI, ra mắt tháng 3', '<p>Tin tức cực &quot;n&oacute;ng&quot; v&agrave;o ng&agrave;y 13 th&aacute;ng 3, theo phương tiện truyền th&ocirc;ng c&ocirc;ng nghệ nước ngo&agrave;i v&agrave; trang GSMChina, Xiaomi <a href=\"https://mobilecity.vn/dien-thoai/xiaomi-redmi-note-13-turbo-cau-hinh-sieu-manh.html\" target=\"_blank\">Redmi Note 13 Turbo</a> v&agrave; model quốc tế của n&oacute; c&oacute; t&ecirc;n POCO F6 đ&atilde; xuất hiện trong cơ sở dữ liệu IMEI v&agrave; c&oacute; thể được ph&aacute;t h&agrave;nh tại Trung Quốc sớm nhất l&agrave; trong th&aacute;ng n&agrave;y.<a href=\"https://mobilecity.vn/tin-tuc/redmi-note-13-turbo-lo-dien-ten-ma-thiet-bi-sap-ra-mat.html\" target=\"_blank\"><img alt=\"Redmi Note 13 Turbo lộ diện tên mã thiết bị trên IMEI, ra mắt tháng 3\" src=\"https://mobilecity.vn/px.gif?utm_source=dmca_copy&amp;utm_medium=Redmi%20Note%2013%20Turbo%20l%E1%BB%99%20di%E1%BB%87n%20t%C3%AAn%20m%C3%A3%20thi%E1%BA%BFt%20b%E1%BB%8B%20tr%C3%AAn%20IMEI,%20ra%20m%E1%BA%AFt%20th%C3%A1ng%203&amp;utm_campaign=https://mobilecity.vn/tin-tuc/redmi-note-13-turbo-lo-dien-ten-ma-thiet-bi-sap-ra-mat.html&amp;utm_content=Tin%20t%E1%BB%A9c%20c%E1%BB%B1c%20%22n%C3%B3ng%22%20v%C3%A0o%20ng%C3%A0y%2013%20th%C3%A1ng%203,%20theo%20ph%C6%B0%C6%A1ng%20ti%E1%BB%87n%20truy%E1%BB%81n%20th%C3%B4ng%20c%C3%B4ng%20ngh%E1%BB%87%20n%C6%B0%E1%BB%9Bc%20ngo%C3%A0i%20v%C3%A0%20trang%20GSMChina,%20Xiaomi%20Redmi%20Note%2013%20Turbo%20v%C3%A0%20model%20qu%E1%BB%91c%20t%E1%BA%BF%20c%E1%BB%A7a%20n%C3%B3%20c%C3%B3%20t%C3%AAn%20POCO%20F6\" style=\"height:1px; width:1px\" /></a><a href=\"https://mobilecity.vn\" target=\"_blank\"><img alt=\"This article is referenced content from https://mobilecity.vn - Redmi Note 13 Turbo lộ diện tên mã thiết bị trên IMEI, ra mắt tháng 3\" src=\"https://mobilecity.vn/px.gif?utm_source=dmca_copy&amp;utm_medium=Redmi%20Note%2013%20Turbo%20l%E1%BB%99%20di%E1%BB%87n%20t%C3%AAn%20m%C3%A3%20thi%E1%BA%BFt%20b%E1%BB%8B%20tr%C3%AAn%20IMEI,%20ra%20m%E1%BA%AFt%20th%C3%A1ng%203&amp;utm_campaign=https://mobilecity.vn/tin-tuc/redmi-note-13-turbo-lo-dien-ten-ma-thiet-bi-sap-ra-mat.html&amp;utm_content=Tin%20t%E1%BB%A9c%20c%E1%BB%B1c%20%22n%C3%B3ng%22%20v%C3%A0o%20ng%C3%A0y%2013%20th%C3%A1ng%203,%20theo%20ph%C6%B0%C6%A1ng%20ti%E1%BB%87n%20truy%E1%BB%81n%20th%C3%B4ng%20c%C3%B4ng%20ngh%E1%BB%87%20n%C6%B0%E1%BB%9Bc%20ngo%C3%A0i%20v%C3%A0%20trang%20GSMChina,%20Xiaomi%20Redmi%20Note%2013%20Turbo%20v%C3%A0%20model%20qu%E1%BB%91c%20t%E1%BA%BF%20c%E1%BB%A7a%20n%C3%B3%20c%C3%B3%20t%C3%AAn%20POCO%20F6\" style=\"height:1px; width:1px\" /></a></p>\r\n\r\n<p><img alt=\"redmi-note-13-turbo-lo-dien-ten-ma-thiet-bi-sap-ra-mat-1\" src=\"https://cdn.mobilecity.vn/mobilecity-vn/images/2024/03/redmi-note-13-turbo-lo-dien-ten-ma-thiet-bi-sap-ra-mat-1.jpg.webp\" style=\"height:450px; width:600px\" /></p>\r\n\r\n<p>Số model của Xiaomi Redmi Note 13 Turbo xuất hiện trong cơ sở dữ liệu IMEI l&agrave; &quot;24069RA21C&quot;, hơn nữa số model của phi&ecirc;n bản nước ngo&agrave;i POCO F6 lần lượt l&agrave; &quot;24069PC21G&quot; v&agrave; &quot;24069PC21I&quot;, trong đ&oacute; model trước đại diện cho phi&ecirc;n bản quốc tế v&agrave; model sau đại diện cho phi&ecirc;n bản tại thị trường Ấn Độ.</p>\r\n\r\n<p><img alt=\"redmi-note-13-turbo-lo-dien-ten-ma-thiet-bi-sap-ra-mat-4\" src=\"https://cdn.mobilecity.vn/mobilecity-vn/images/2024/03/redmi-note-13-turbo-lo-dien-ten-ma-thiet-bi-sap-ra-mat-4.jpg.webp\" style=\"height:450px; width:600px\" /></p>\r\n\r\n<p>Theo th&ocirc;ng tin từ cơ sở dữ liệu IMEI, t&ecirc;n m&atilde; ph&aacute;t triển nội bộ của POCO F6 l&agrave; &quot;Peridot&quot;. C&aacute;i t&ecirc;n&nbsp;Peridot l&agrave; một loại ngọc lục bảo thường được mệnh danh l&agrave;&nbsp;ngọc lục bảo chiều t&agrave;, với sắc s&aacute;ng xanh độc đ&aacute;o m&agrave; chỉ d&ograve;ng đ&aacute; qu&yacute; n&agrave;y mới c&oacute;.</p>\r\n\r\n<p><img alt=\"redmi-note-13-turbo-lo-dien-ten-ma-thiet-bi-sap-ra-mat-5\" src=\"https://cdn.mobilecity.vn/mobilecity-vn/images/2024/03/redmi-note-13-turbo-lo-dien-ten-ma-thiet-bi-sap-ra-mat-5.jpg.webp\" style=\"height:450px; width:600px\" /></p>\r\n\r\n<p>Redmi Note 13 Turbo l&agrave; thế hệ điện thoại ch&uacute; trọng đến hiệu năng, cấu h&igrave;nh của m&aacute;y đ&atilde; lộ diện từ trước, sẽ l&agrave; smartphone đầu ti&ecirc;n được trang bị nền tảng di động Qualcomm Snapdragon 7 Plus Gen 3, con chip Snapdragon 7 series mạnh mẽ nhất trong lịch sử.</p>\r\n\r\n<p>N&oacute; sử dụng kiến ​​tr&uacute;c tương tự như Snapdragon 8 Gen 3. L&otilde;i si&ecirc;u hiệu năng l&agrave; Cortex-X4, tần số của CPU tối đa l&ecirc;n tới 2,8 GHz, tiếp đến l&agrave; c&aacute;c nh&acirc;n Cortex-A720, l&otilde;i tiết kiệm năng lượng l&agrave; Cortex-A520 v&agrave; GPU l&agrave; Adreno 732, với tần số tr&ecirc;n 800 MHz.</p>\r\n', 'redmi-note-13-turbo-lo-dien-ten-ma-thiet-bi-sap-ra-mat.jpg', '2024-03-20 03:36:54', 4, 1);

-- --------------------------------------------------------

--
-- Cấu trúc bảng cho bảng `user`
--

CREATE TABLE `user` (
  `Mauser` int(11) NOT NULL,
  `Tendangnhap` varchar(255) NOT NULL,
  `Matkhau` varchar(255) NOT NULL,
  `Tenuser` varchar(255) CHARACTER SET utf8 COLLATE utf8_vietnamese_ci NOT NULL,
  `Diachi` varchar(2555) NOT NULL,
  `Email` varchar(255) NOT NULL,
  `Sodienthoai` varchar(255) NOT NULL,
  `Quyen` int(11) NOT NULL COMMENT '0.Khách hàng 1.Admin 2.Nhân viên\r\n',
  `Trangthai` int(11) NOT NULL COMMENT '0.Khóa 1.Đang hoạt động'
) ENGINE=InnoDB DEFAULT CHARSET=latin1 COLLATE=latin1_swedish_ci;

--
-- Đang đổ dữ liệu cho bảng `user`
--

INSERT INTO `user` (`Mauser`, `Tendangnhap`, `Matkhau`, `Tenuser`, `Diachi`, `Email`, `Sodienthoai`, `Quyen`, `Trangthai`) VALUES
(1, 'admin', 'admin123', 'Nguyễn Đình Hải', '', '0', '', 1, 1),
(2, 'Tienkieu', 'Tienkieu123', 'Kieu Viet Tien', 'Thanh tri, Ha Noi', 'hieuk476@gm', '0325454619', 0, 1),
(3, 'trinhnguyen', 'trinhnguyen', 'Ki?u Tr?nh Nguy?n', 'Thanh trì,HN', 'nguyen@gmail.com', '325454619', 0, 1),
(4, 'vukhoa', 'vukhoa', 'Vũ Đăng Khoa', 'Yên s?, Hoàng Mai, HN', 'vukhoa@gmail.com', '0382939829', 2, 1);

--
-- Chỉ mục cho các bảng đã đổ
--

--
-- Chỉ mục cho bảng `chitietdonhang`
--
ALTER TABLE `chitietdonhang`
  ADD PRIMARY KEY (`idchitietdonhang`);

--
-- Chỉ mục cho bảng `donhang`
--
ALTER TABLE `donhang`
  ADD PRIMARY KEY (`Madonhang`);

--
-- Chỉ mục cho bảng `hang`
--
ALTER TABLE `hang`
  ADD PRIMARY KEY (`Mahang`);

--
-- Chỉ mục cho bảng `loaitintuc`
--
ALTER TABLE `loaitintuc`
  ADD PRIMARY KEY (`Maloaitin`);

--
-- Chỉ mục cho bảng `mausac`
--
ALTER TABLE `mausac`
  ADD PRIMARY KEY (`Mamau`);

--
-- Chỉ mục cho bảng `nguoidung`
--
ALTER TABLE `nguoidung`
  ADD PRIMARY KEY (`Mand`);

--
-- Chỉ mục cho bảng `payment`
--
ALTER TABLE `payment`
  ADD PRIMARY KEY (`payid`);

--
-- Chỉ mục cho bảng `sanpham`
--
ALTER TABLE `sanpham`
  ADD PRIMARY KEY (`Masp`);

--
-- Chỉ mục cho bảng `sanpham_mausac`
--
ALTER TABLE `sanpham_mausac`
  ADD PRIMARY KEY (`Masp_mausac`);

--
-- Chỉ mục cho bảng `thongsosanpham`
--
ALTER TABLE `thongsosanpham`
  ADD PRIMARY KEY (`Mathongso`);

--
-- Chỉ mục cho bảng `tintuc`
--
ALTER TABLE `tintuc`
  ADD PRIMARY KEY (`Matintuc`);

--
-- Chỉ mục cho bảng `user`
--
ALTER TABLE `user`
  ADD PRIMARY KEY (`Mauser`);

--
-- AUTO_INCREMENT cho các bảng đã đổ
--

--
-- AUTO_INCREMENT cho bảng `chitietdonhang`
--
ALTER TABLE `chitietdonhang`
  MODIFY `idchitietdonhang` int(11) NOT NULL AUTO_INCREMENT, AUTO_INCREMENT=28;

--
-- AUTO_INCREMENT cho bảng `donhang`
--
ALTER TABLE `donhang`
  MODIFY `Madonhang` int(11) NOT NULL AUTO_INCREMENT, AUTO_INCREMENT=20;

--
-- AUTO_INCREMENT cho bảng `hang`
--
ALTER TABLE `hang`
  MODIFY `Mahang` int(11) NOT NULL AUTO_INCREMENT, AUTO_INCREMENT=3;

--
-- AUTO_INCREMENT cho bảng `loaitintuc`
--
ALTER TABLE `loaitintuc`
  MODIFY `Maloaitin` int(11) NOT NULL AUTO_INCREMENT, AUTO_INCREMENT=5;

--
-- AUTO_INCREMENT cho bảng `mausac`
--
ALTER TABLE `mausac`
  MODIFY `Mamau` int(11) NOT NULL AUTO_INCREMENT, AUTO_INCREMENT=10;

--
-- AUTO_INCREMENT cho bảng `nguoidung`
--
ALTER TABLE `nguoidung`
  MODIFY `Mand` int(11) NOT NULL AUTO_INCREMENT;

--
-- AUTO_INCREMENT cho bảng `payment`
--
ALTER TABLE `payment`
  MODIFY `payid` int(11) NOT NULL AUTO_INCREMENT, AUTO_INCREMENT=4;

--
-- AUTO_INCREMENT cho bảng `sanpham`
--
ALTER TABLE `sanpham`
  MODIFY `Masp` int(11) NOT NULL AUTO_INCREMENT, AUTO_INCREMENT=33;

--
-- AUTO_INCREMENT cho bảng `sanpham_mausac`
--
ALTER TABLE `sanpham_mausac`
  MODIFY `Masp_mausac` int(11) NOT NULL AUTO_INCREMENT, AUTO_INCREMENT=69;

--
-- AUTO_INCREMENT cho bảng `thongsosanpham`
--
ALTER TABLE `thongsosanpham`
  MODIFY `Mathongso` int(11) NOT NULL AUTO_INCREMENT, AUTO_INCREMENT=7;

--
-- AUTO_INCREMENT cho bảng `tintuc`
--
ALTER TABLE `tintuc`
  MODIFY `Matintuc` int(11) NOT NULL AUTO_INCREMENT, AUTO_INCREMENT=31;

--
-- AUTO_INCREMENT cho bảng `user`
--
ALTER TABLE `user`
  MODIFY `Mauser` int(11) NOT NULL AUTO_INCREMENT, AUTO_INCREMENT=5;
COMMIT;

/*!40101 SET CHARACTER_SET_CLIENT=@OLD_CHARACTER_SET_CLIENT */;
/*!40101 SET CHARACTER_SET_RESULTS=@OLD_CHARACTER_SET_RESULTS */;
/*!40101 SET COLLATION_CONNECTION=@OLD_COLLATION_CONNECTION */;
